Fecha,Equipo local,Equipo visitante,Resultado,Jornada,Link
"Jun 2, 2024",MT Melsungen,THW Kiel,,,https://www.daikin-hbl.de/en/match/abc088fb-3961-11ef-9ca9-4f9b0a263832
"Jun 2, 2024",TSV Hannover-Burgdorf,HC Erlangen,,,https://www.daikin-hbl.de/en/match/abd106ad-3961-11ef-bee2-4f9b0a263832
"Jun 2, 2024",SC DHfK Leipzig,Rhein-Neckar Löwen,,,https://www.daikin-hbl.de/en/match/abe52150-3961-11ef-b745-4f9b0a263832
"Jun 2, 2024",HBW Balingen-Weilstetten,Handball Sport Verein Hamburg,,,https://www.daikin-hbl.de/en/match/abfa0098-3961-11ef-af12-4f9b0a263832
"Jun 2, 2024",SC Magdeburg,HSG Wetzlar,,,https://www.daikin-hbl.de/en/match/ac0abccc-3961-11ef-800e-4f9b0a263832
"Jun 2, 2024",Bergischer HC,SG Flensburg-Handewitt,,,https://www.daikin-hbl.de/en/match/ac1cb5ca-3961-11ef-99d5-4f9b0a263832
"Jun 2, 2024",TVB Stuttgart,TBV Lemgo Lippe,,,https://www.daikin-hbl.de/en/match/ac2f87ad-3961-11ef-81db-4f9b0a263832
"Jun 2, 2024",VfL Gummersbach,FRISCH AUF! Göppingen,,,https://www.daikin-hbl.de/en/match/ac42a8d5-3961-11ef-ae9d-4f9b0a263832
"Jun 2, 2024",ThSV Eisenach,Füchse Berlin,,,https://www.daikin-hbl.de/en/match/ac5475b3-3961-11ef-8dcc-4f9b0a263832
"May 30, 2024",Füchse Berlin,Bergischer HC,,,https://www.daikin-hbl.de/en/match/ab66afc3-3961-11ef-9c27-4f9b0a263832
"May 30, 2024",Rhein-Neckar Löwen,SC Magdeburg,,,https://www.daikin-hbl.de/en/match/ab9a7d47-3961-11ef-9ea2-4f9b0a263832
"May 30, 2024",SG Flensburg-Handewitt,VfL Gummersbach,,,https://www.daikin-hbl.de/en/match/ab79012b-3961-11ef-8af6-4f9b0a263832
"May 29, 2024",FRISCH AUF! Göppingen,MT Melsungen,,,https://www.daikin-hbl.de/en/match/ab332d15-3961-11ef-8ba6-4f9b0a263832
"May 29, 2024",Handball Sport Verein Hamburg,ThSV Eisenach,,,https://www.daikin-hbl.de/en/match/ab1f7bde-3961-11ef-b981-4f9b0a263832
"May 29, 2024",HC Erlangen,TVB Stuttgart,,,https://www.daikin-hbl.de/en/match/ab43e016-3961-11ef-8a82-4f9b0a263832
"May 29, 2024",TBV Lemgo Lippe,HBW Balingen-Weilstetten,,,https://www.daikin-hbl.de/en/match/ab55487d-3961-11ef-a936-4f9b0a263832
"May 29, 2024",HSG Wetzlar,TSV Hannover-Burgdorf,,,https://www.daikin-hbl.de/en/match/ab898994-3961-11ef-b1a3-4f9b0a263832
"May 29, 2024",THW Kiel,SC DHfK Leipzig,,,https://www.daikin-hbl.de/en/match/abad3b46-3961-11ef-940d-4f9b0a263832
"May 26, 2024",VfL Gummersbach,THW Kiel,,,https://www.daikin-hbl.de/en/match/9b86afc9-3961-11ef-812d-2d4c63b0970e
"May 26, 2024",SC Magdeburg,SC DHfK Leipzig,,,https://www.daikin-hbl.de/en/match/9df04997-3961-11ef-8b2a-2d4c63b0970e
"May 23, 2024",SC Magdeburg,HBW Balingen-Weilstetten,,,https://www.daikin-hbl.de/en/match/a94ca9c4-3961-11ef-a67a-4f9b0a263832
"May 20, 2024",THW Kiel,FRISCH AUF! Göppingen,,,https://www.daikin-hbl.de/en/match/aae3b299-3961-11ef-b5eb-4f9b0a263832
"May 19, 2024",Bergischer HC,TBV Lemgo Lippe,,,https://www.daikin-hbl.de/en/match/aabd2aec-3961-11ef-aa74-4f9b0a263832
"May 19, 2024",VfL Gummersbach,Rhein-Neckar Löwen,,,https://www.daikin-hbl.de/en/match/aaf62797-3961-11ef-9929-4f9b0a263832
"May 18, 2024",HC Erlangen,SC Magdeburg,,,https://www.daikin-hbl.de/en/match/9040d693-3961-11ef-8bb7-2d4c63b0970e
"May 18, 2024",TSV Hannover-Burgdorf,Füchse Berlin,,,https://www.daikin-hbl.de/en/match/aa884103-3961-11ef-bcd9-4f9b0a263832
"May 18, 2024",ThSV Eisenach,SG Flensburg-Handewitt,,,https://www.daikin-hbl.de/en/match/ab0a51b5-3961-11ef-9d79-4f9b0a263832
"May 18, 2024",SC DHfK Leipzig,Handball Sport Verein Hamburg,,,https://www.daikin-hbl.de/en/match/aa9ac0b5-3961-11ef-9e89-4f9b0a263832
"May 17, 2024",TVB Stuttgart,HBW Balingen-Weilstetten,,,https://www.daikin-hbl.de/en/match/aacf9c5f-3961-11ef-8c17-4f9b0a263832
"May 17, 2024",MT Melsungen,HSG Wetzlar,,,https://www.daikin-hbl.de/en/match/aa746bbf-3961-11ef-81a5-4f9b0a263832
"May 16, 2024",THW Kiel,Rhein-Neckar Löwen,,,https://www.daikin-hbl.de/en/match/a98af607-3961-11ef-9aa9-4f9b0a263832
"May 15, 2024",Handball Sport Verein Hamburg,SG Flensburg-Handewitt,,,https://www.daikin-hbl.de/en/match/9bc3f51c-3961-11ef-97d9-2d4c63b0970e
"May 5, 2024",TBV Lemgo Lippe,SC Magdeburg,,,https://www.daikin-hbl.de/en/match/aa137d0f-3961-11ef-b610-4f9b0a263832
"May 5, 2024",HSG Wetzlar,THW Kiel,,,https://www.daikin-hbl.de/en/match/aa4fb6a7-3961-11ef-895d-4f9b0a263832
"May 5, 2024",Füchse Berlin,VfL Gummersbach,,,https://www.daikin-hbl.de/en/match/aa26f9a8-3961-11ef-8a2d-4f9b0a263832
"May 4, 2024",Rhein-Neckar Löwen,TSV Hannover-Burgdorf,,,https://www.daikin-hbl.de/en/match/aa61b37e-3961-11ef-b1ca-4f9b0a263832
"May 4, 2024",SG Flensburg-Handewitt,TVB Stuttgart,,,https://www.daikin-hbl.de/en/match/aa3bbb1b-3961-11ef-9ba7-4f9b0a263832
"May 3, 2024",HBW Balingen-Weilstetten,ThSV Eisenach,,,https://www.daikin-hbl.de/en/match/a9dbcf3a-3961-11ef-a72c-4f9b0a263832
"May 3, 2024",FRISCH AUF! Göppingen,SC DHfK Leipzig,,,https://www.daikin-hbl.de/en/match/a9ed289c-3961-11ef-8100-4f9b0a263832
"May 2, 2024",Handball Sport Verein Hamburg,Bergischer HC,,,https://www.daikin-hbl.de/en/match/a9c7f26d-3961-11ef-a5bf-4f9b0a263832
"May 1, 2024",HC Erlangen,MT Melsungen,,,https://www.daikin-hbl.de/en/match/aa012676-3961-11ef-8fd5-4f9b0a263832
"Apr 28, 2024",Bergischer HC,HC Erlangen,,,https://www.daikin-hbl.de/en/match/a962af51-3961-11ef-98b4-4f9b0a263832
"Apr 28, 2024",TVB Stuttgart,Handball Sport Verein Hamburg,,,https://www.daikin-hbl.de/en/match/a9763a3a-3961-11ef-a3ac-4f9b0a263832
"Apr 27, 2024",MT Melsungen,Füchse Berlin,,,https://www.daikin-hbl.de/en/match/a2959056-3961-11ef-9391-2d4c63b0970e
"Apr 27, 2024",VfL Gummersbach,HSG Wetzlar,,,https://www.daikin-hbl.de/en/match/a99f280f-3961-11ef-9224-4f9b0a263832
"Apr 26, 2024",TSV Hannover-Burgdorf,FRISCH AUF! Göppingen,,,https://www.daikin-hbl.de/en/match/a2a8a390-3961-11ef-96c3-2d4c63b0970e
"Apr 26, 2024",ThSV Eisenach,TBV Lemgo Lippe,,,https://www.daikin-hbl.de/en/match/a9b4a87f-3961-11ef-a44d-4f9b0a263832
"Apr 26, 2024",SC DHfK Leipzig,SG Flensburg-Handewitt,,,https://www.daikin-hbl.de/en/match/a9359f7e-3961-11ef-aba6-4f9b0a263832
"Apr 21, 2024",HC Erlangen,SC DHfK Leipzig,,,https://www.daikin-hbl.de/en/match/a2261d51-3961-11ef-8fdf-2d4c63b0970e
"Apr 21, 2024",Handball Sport Verein Hamburg,VfL Gummersbach,,,https://www.daikin-hbl.de/en/match/a1efdaa1-3961-11ef-ab1b-2d4c63b0970e
"Apr 21, 2024",Füchse Berlin,THW Kiel,,,https://www.daikin-hbl.de/en/match/a24a916c-3961-11ef-869a-2d4c63b0970e
"Apr 20, 2024",ThSV Eisenach,TVB Stuttgart,,,https://www.daikin-hbl.de/en/match/a2827c2a-3961-11ef-b4b6-2d4c63b0970e
"Apr 19, 2024",SG Flensburg-Handewitt,SC Magdeburg,,,https://www.daikin-hbl.de/en/match/a25cff22-3961-11ef-9364-2d4c63b0970e
"Apr 19, 2024",HBW Balingen-Weilstetten,Bergischer HC,,,https://www.daikin-hbl.de/en/match/a2029fd6-3961-11ef-a259-2d4c63b0970e
"Apr 18, 2024",FRISCH AUF! Göppingen,HSG Wetzlar,,,https://www.daikin-hbl.de/en/match/a2148f35-3961-11ef-a4e3-2d4c63b0970e
"Apr 18, 2024",TBV Lemgo Lippe,TSV Hannover-Burgdorf,,,https://www.daikin-hbl.de/en/match/a2390aae-3961-11ef-b5e8-2d4c63b0970e
"Apr 18, 2024",Rhein-Neckar Löwen,MT Melsungen,,,https://www.daikin-hbl.de/en/match/a26ef356-3961-11ef-ba2c-2d4c63b0970e
"Apr 12, 2024",Rhein-Neckar Löwen,Bergischer HC,,,https://www.daikin-hbl.de/en/match/9c431bde-3961-11ef-82af-2d4c63b0970e
"Apr 12, 2024",Handball Sport Verein Hamburg,THW Kiel,,,https://www.daikin-hbl.de/en/match/9f3ad4f1-3961-11ef-acd7-2d4c63b0970e
"Apr 12, 2024",SC DHfK Leipzig,TSV Hannover-Burgdorf,,,https://www.daikin-hbl.de/en/match/9c7b5896-3961-11ef-8428-2d4c63b0970e
"Apr 7, 2024",HSG Wetzlar,Rhein-Neckar Löwen,,,https://www.daikin-hbl.de/en/match/a1b9fc24-3961-11ef-be37-2d4c63b0970e
"Apr 7, 2024",SC DHfK Leipzig,TBV Lemgo Lippe,,,https://www.daikin-hbl.de/en/match/a172722c-3961-11ef-b2ee-2d4c63b0970e
"Apr 7, 2024",SC Magdeburg,TVB Stuttgart,,,https://www.daikin-hbl.de/en/match/a1969fbd-3961-11ef-a8a5-2d4c63b0970e
"Apr 7, 2024",Bergischer HC,ThSV Eisenach,,,https://www.daikin-hbl.de/en/match/a1a8aaab-3961-11ef-8136-2d4c63b0970e
"Apr 6, 2024",MT Melsungen,SG Flensburg-Handewitt,,,https://www.daikin-hbl.de/en/match/a14d0f02-3961-11ef-b4cb-2d4c63b0970e
"Apr 6, 2024",THW Kiel,HC Erlangen,,,https://www.daikin-hbl.de/en/match/a1cb34f1-3961-11ef-925c-2d4c63b0970e
"Apr 5, 2024",TSV Hannover-Burgdorf,Handball Sport Verein Hamburg,,,https://www.daikin-hbl.de/en/match/a16146bd-3961-11ef-888d-2d4c63b0970e
"Apr 5, 2024",VfL Gummersbach,HBW Balingen-Weilstetten,,,https://www.daikin-hbl.de/en/match/a1dd78a8-3961-11ef-afe2-2d4c63b0970e
"Apr 4, 2024",FRISCH AUF! Göppingen,Füchse Berlin,,,https://www.daikin-hbl.de/en/match/a184c5aa-3961-11ef-98c4-2d4c63b0970e
"Apr 1, 2024",Handball Sport Verein Hamburg,MT Melsungen,,,https://www.daikin-hbl.de/en/match/a09e0513-3961-11ef-a521-2d4c63b0970e
"Mar 31, 2024",TBV Lemgo Lippe,THW Kiel,,,https://www.daikin-hbl.de/en/match/a0db0c60-3961-11ef-88de-2d4c63b0970e
"Mar 31, 2024",Füchse Berlin,HSG Wetzlar,,,https://www.daikin-hbl.de/en/match/a0f11ff1-3961-11ef-bb9e-2d4c63b0970e
"Mar 31, 2024",Rhein-Neckar Löwen,FRISCH AUF! Göppingen,,,https://www.daikin-hbl.de/en/match/a11721e5-3961-11ef-a513-2d4c63b0970e
"Mar 31, 2024",ThSV Eisenach,SC Magdeburg,,,https://www.daikin-hbl.de/en/match/a13b00c9-3961-11ef-958a-2d4c63b0970e
"Mar 31, 2024",HC Erlangen,VfL Gummersbach,,,https://www.daikin-hbl.de/en/match/a0c59a68-3961-11ef-a594-2d4c63b0970e
"Mar 30, 2024",SG Flensburg-Handewitt,TSV Hannover-Burgdorf,,,https://www.daikin-hbl.de/en/match/a103c25d-3961-11ef-985e-2d4c63b0970e
"Mar 30, 2024",HBW Balingen-Weilstetten,SC DHfK Leipzig,,,https://www.daikin-hbl.de/en/match/a0b1493c-3961-11ef-b503-2d4c63b0970e
"Mar 28, 2024",TVB Stuttgart,Bergischer HC,,,https://www.daikin-hbl.de/en/match/a1298a73-3961-11ef-aa91-2d4c63b0970e
"Mar 24, 2024",Bergischer HC,SC Magdeburg,,,https://www.daikin-hbl.de/en/match/a042e407-3961-11ef-9320-2d4c63b0970e
"Mar 24, 2024",Füchse Berlin,HBW Balingen-Weilstetten,,,https://www.daikin-hbl.de/en/match/9c1b27bd-3961-11ef-9a47-2d4c63b0970e
"Mar 24, 2024",FRISCH AUF! Göppingen,HC Erlangen,,,https://www.daikin-hbl.de/en/match/a02daa65-3961-11ef-8068-2d4c63b0970e
"Mar 24, 2024",VfL Gummersbach,TVB Stuttgart,,,https://www.daikin-hbl.de/en/match/a08bd7b5-3961-11ef-9c29-2d4c63b0970e
"Mar 24, 2024",SC DHfK Leipzig,ThSV Eisenach,,,https://www.daikin-hbl.de/en/match/a0198815-3961-11ef-a438-2d4c63b0970e
"Mar 23, 2024",HSG Wetzlar,Handball Sport Verein Hamburg,,,https://www.daikin-hbl.de/en/match/a05541fc-3961-11ef-a856-2d4c63b0970e
"Mar 23, 2024",THW Kiel,SG Flensburg-Handewitt,,,https://www.daikin-hbl.de/en/match/a0799470-3961-11ef-9b02-2d4c63b0970e
"Mar 22, 2024",MT Melsungen,TBV Lemgo Lippe,,,https://www.daikin-hbl.de/en/match/9ff0ae99-3961-11ef-a721-2d4c63b0970e
"Mar 21, 2024",Rhein-Neckar Löwen,Füchse Berlin,,,https://www.daikin-hbl.de/en/match/a066ecce-3961-11ef-8dd5-2d4c63b0970e
"Mar 21, 2024",TSV Hannover-Burgdorf,HBW Balingen-Weilstetten,,,https://www.daikin-hbl.de/en/match/a00352ec-3961-11ef-af71-2d4c63b0970e
"Mar 21, 2024",SC Magdeburg,HC Erlangen,,,https://www.daikin-hbl.de/en/match/aaac9c9e-3961-11ef-854e-4f9b0a263832
"Mar 10, 2024",Bergischer HC,VfL Gummersbach,,,https://www.daikin-hbl.de/en/match/9fa6aab4-3961-11ef-8aef-2d4c63b0970e
"Mar 10, 2024",SC Magdeburg,Füchse Berlin,,,https://www.daikin-hbl.de/en/match/9f6acb31-3961-11ef-8b56-2d4c63b0970e
"Mar 10, 2024",SG Flensburg-Handewitt,FRISCH AUF! Göppingen,,,https://www.daikin-hbl.de/en/match/9fbaa5a1-3961-11ef-8053-2d4c63b0970e
"Mar 9, 2024",HC Erlangen,Rhein-Neckar Löwen,,,https://www.daikin-hbl.de/en/match/9f80c29b-3961-11ef-9b6e-2d4c63b0970e
"Mar 8, 2024",ThSV Eisenach,TSV Hannover-Burgdorf,,,https://www.daikin-hbl.de/en/match/9fddc01e-3961-11ef-8306-2d4c63b0970e
"Mar 8, 2024",HBW Balingen-Weilstetten,MT Melsungen,,,https://www.daikin-hbl.de/en/match/9f531bbf-3961-11ef-97bf-2d4c63b0970e
"Mar 7, 2024",TBV Lemgo Lippe,HSG Wetzlar,,,https://www.daikin-hbl.de/en/match/9f940036-3961-11ef-80d2-2d4c63b0970e
"Mar 7, 2024",TVB Stuttgart,SC DHfK Leipzig,,,https://www.daikin-hbl.de/en/match/9fcbf613-3961-11ef-9923-2d4c63b0970e
"Mar 4, 2024",FRISCH AUF! Göppingen,TBV Lemgo Lippe,,,https://www.daikin-hbl.de/en/match/9ebf0f66-3961-11ef-aea2-2d4c63b0970e
"Mar 3, 2024",SC DHfK Leipzig,MT Melsungen,,,https://www.daikin-hbl.de/en/match/9bb00207-3961-11ef-80d8-2d4c63b0970e
"Mar 3, 2024",Füchse Berlin,HC Erlangen,,,https://www.daikin-hbl.de/en/match/9ed42de9-3961-11ef-8fbf-2d4c63b0970e
"Mar 2, 2024",VfL Gummersbach,SC Magdeburg,,,https://www.daikin-hbl.de/en/match/9f26f109-3961-11ef-ac69-2d4c63b0970e
"Mar 2, 2024",HSG Wetzlar,SG Flensburg-Handewitt,,,https://www.daikin-hbl.de/en/match/9ee9aa6d-3961-11ef-a477-2d4c63b0970e
"Mar 2, 2024",THW Kiel,HBW Balingen-Weilstetten,,,https://www.daikin-hbl.de/en/match/9f1569f0-3961-11ef-b44e-2d4c63b0970e
"Feb 29, 2024",Rhein-Neckar Löwen,Handball Sport Verein Hamburg,,,https://www.daikin-hbl.de/en/match/9f004439-3961-11ef-902b-2d4c63b0970e
"Feb 29, 2024",MT Melsungen,ThSV Eisenach,,,https://www.daikin-hbl.de/en/match/9e84efb3-3961-11ef-a8c1-2d4c63b0970e
"Feb 29, 2024",TSV Hannover-Burgdorf,TVB Stuttgart,,,https://www.daikin-hbl.de/en/match/9e97afcf-3961-11ef-8db6-2d4c63b0970e
"Feb 29, 2024",SC DHfK Leipzig,Bergischer HC,,,https://www.daikin-hbl.de/en/match/9eab7170-3961-11ef-9bac-2d4c63b0970e
"Feb 25, 2024",Handball Sport Verein Hamburg,FRISCH AUF! Göppingen,,,https://www.daikin-hbl.de/en/match/9dc67213-3961-11ef-a553-2d4c63b0970e
"Feb 25, 2024",THW Kiel,ThSV Eisenach,,,https://www.daikin-hbl.de/en/match/9e6e817b-3961-11ef-ab67-2d4c63b0970e
"Feb 25, 2024",SG Flensburg-Handewitt,Füchse Berlin,,,https://www.daikin-hbl.de/en/match/9e42d53c-3961-11ef-8437-2d4c63b0970e
"Feb 24, 2024",HBW Balingen-Weilstetten,Rhein-Neckar Löwen,,,https://www.daikin-hbl.de/en/match/9ddca63d-3961-11ef-803a-2d4c63b0970e
"Feb 24, 2024",HC Erlangen,HSG Wetzlar,,,https://www.daikin-hbl.de/en/match/9e054e1d-3961-11ef-9b34-2d4c63b0970e
"Feb 24, 2024",Bergischer HC,TSV Hannover-Burgdorf,,,https://www.daikin-hbl.de/en/match/9e2f37cf-3961-11ef-b39d-2d4c63b0970e
"Feb 23, 2024",TBV Lemgo Lippe,VfL Gummersbach,,,https://www.daikin-hbl.de/en/match/9e19440e-3961-11ef-990c-2d4c63b0970e
"Feb 22, 2024",TVB Stuttgart,MT Melsungen,,,https://www.daikin-hbl.de/en/match/9e59eefc-3961-11ef-8b86-2d4c63b0970e
"Feb 19, 2024",VfL Gummersbach,SC DHfK Leipzig,,,https://www.daikin-hbl.de/en/match/9db1e57e-3961-11ef-979d-2d4c63b0970e
"Feb 18, 2024",TSV Hannover-Burgdorf,SC Magdeburg,,,https://www.daikin-hbl.de/en/match/9d29f7b7-3961-11ef-bbdb-2d4c63b0970e
"Feb 18, 2024",THW Kiel,TVB Stuttgart,,,https://www.daikin-hbl.de/en/match/9d9d298c-3961-11ef-81cb-2d4c63b0970e
"Feb 18, 2024",Rhein-Neckar Löwen,SG Flensburg-Handewitt,,,https://www.daikin-hbl.de/en/match/9d8a09fd-3961-11ef-8c88-2d4c63b0970e
"Feb 17, 2024",Füchse Berlin,TBV Lemgo Lippe,,,https://www.daikin-hbl.de/en/match/9d626284-3961-11ef-a9b3-2d4c63b0970e
"Feb 16, 2024",MT Melsungen,Bergischer HC,,,https://www.daikin-hbl.de/en/match/9d14b177-3961-11ef-b32c-2d4c63b0970e
"Feb 16, 2024",HC Erlangen,Handball Sport Verein Hamburg,,,https://www.daikin-hbl.de/en/match/9d505564-3961-11ef-80e3-2d4c63b0970e
"Feb 15, 2024",FRISCH AUF! Göppingen,ThSV Eisenach,,,https://www.daikin-hbl.de/en/match/9d3d16af-3961-11ef-94f3-2d4c63b0970e
"Feb 15, 2024",HSG Wetzlar,HBW Balingen-Weilstetten,,,https://www.daikin-hbl.de/en/match/9d77b2a4-3961-11ef-bd6c-2d4c63b0970e
"Feb 11, 2024",Handball Sport Verein Hamburg,Füchse Berlin,,,https://www.daikin-hbl.de/en/match/9c686880-3961-11ef-af56-2d4c63b0970e
"Feb 11, 2024",Bergischer HC,THW Kiel,,,https://www.daikin-hbl.de/en/match/9cc7faa2-3961-11ef-818a-2d4c63b0970e
"Feb 11, 2024",TVB Stuttgart,HSG Wetzlar,,,https://www.daikin-hbl.de/en/match/9cee31c1-3961-11ef-861b-2d4c63b0970e
"Feb 11, 2024",TBV Lemgo Lippe,Rhein-Neckar Löwen,,,https://www.daikin-hbl.de/en/match/9cb577dd-3961-11ef-abf2-2d4c63b0970e
"Feb 11, 2024",SG Flensburg-Handewitt,HC Erlangen,,,https://www.daikin-hbl.de/en/match/9cd9e08e-3961-11ef-9eaa-2d4c63b0970e
"Feb 11, 2024",SC Magdeburg,MT Melsungen,,,https://www.daikin-hbl.de/en/match/9ca27089-3961-11ef-9162-2d4c63b0970e
"Feb 10, 2024",HBW Balingen-Weilstetten,FRISCH AUF! Göppingen,,,https://www.daikin-hbl.de/en/match/9c8f3354-3961-11ef-af95-2d4c63b0970e
"Feb 10, 2024",ThSV Eisenach,VfL Gummersbach,,,https://www.daikin-hbl.de/en/match/9d00b30c-3961-11ef-a1d3-2d4c63b0970e
"Feb 8, 2024",Füchse Berlin,SG Flensburg-Handewitt,,,https://www.daikin-hbl.de/en/match/9052ac18-3961-11ef-891f-2d4c63b0970e
"Feb 8, 2024",HC Erlangen,TBV Lemgo Lippe,,,https://www.daikin-hbl.de/en/match/9c06a3ac-3961-11ef-bf8a-2d4c63b0970e
"Feb 7, 2024",THW Kiel,SC Magdeburg,,,https://www.daikin-hbl.de/en/match/9c24f07d-439a-11ef-8d89-851b97c1dfba
"Feb 7, 2024",TSV Hannover-Burgdorf,VfL Gummersbach,,,https://www.daikin-hbl.de/en/match/9bd9776e-3961-11ef-baa2-2d4c63b0970e
"Feb 7, 2024",FRISCH AUF! Göppingen,TVB Stuttgart,,,https://www.daikin-hbl.de/en/match/9bf14d40-3961-11ef-a967-2d4c63b0970e
"Feb 7, 2024",HSG Wetzlar,ThSV Eisenach,,,https://www.daikin-hbl.de/en/match/9c2fb6ef-3961-11ef-abbf-2d4c63b0970e
"Dec 23, 2023",TBV Lemgo Lippe,Handball Sport Verein Hamburg,,,https://www.daikin-hbl.de/en/match/9b4dca60-3961-11ef-8e46-2d4c63b0970e
"Dec 23, 2023",TVB Stuttgart,Rhein-Neckar Löwen,,,https://www.daikin-hbl.de/en/match/9b747afd-3961-11ef-a368-2d4c63b0970e
"Dec 23, 2023",ThSV Eisenach,HC Erlangen,,,https://www.daikin-hbl.de/en/match/9b9bbbc1-3961-11ef-839c-2d4c63b0970e
"Dec 23, 2023",Bergischer HC,HSG Wetzlar,,,https://www.daikin-hbl.de/en/match/9b606f77-3961-11ef-830a-2d4c63b0970e
"Dec 22, 2023",TSV Hannover-Burgdorf,MT Melsungen,,,https://www.daikin-hbl.de/en/match/9afe0bbb-3961-11ef-b430-2d4c63b0970e
"Dec 22, 2023",Füchse Berlin,SC DHfK Leipzig,,,https://www.daikin-hbl.de/en/match/9b1106af-3961-11ef-8810-2d4c63b0970e
"Dec 22, 2023",HBW Balingen-Weilstetten,SG Flensburg-Handewitt,,,https://www.daikin-hbl.de/en/match/9b237bc6-3961-11ef-8c84-2d4c63b0970e
"Dec 22, 2023",SC Magdeburg,FRISCH AUF! Göppingen,,,https://www.daikin-hbl.de/en/match/9b378598-3961-11ef-af6f-2d4c63b0970e
"Dec 20, 2023",THW Kiel,TSV Hannover-Burgdorf,,,https://www.daikin-hbl.de/en/match/9ae96836-3961-11ef-9a49-2d4c63b0970e
"Dec 20, 2023",MT Melsungen,VfL Gummersbach,,,https://www.daikin-hbl.de/en/match/940305e2-3961-11ef-93e8-2d4c63b0970e
"Dec 20, 2023",FRISCH AUF! Göppingen,Bergischer HC,,,https://www.daikin-hbl.de/en/match/9425794f-3961-11ef-957a-2d4c63b0970e
"Dec 20, 2023",HSG Wetzlar,SC DHfK Leipzig,,,https://www.daikin-hbl.de/en/match/9ac27c0c-3961-11ef-8ca3-2d4c63b0970e
"Dec 20, 2023",Rhein-Neckar Löwen,ThSV Eisenach,,,https://www.daikin-hbl.de/en/match/9ad61329-3961-11ef-92d4-2d4c63b0970e
"Dec 19, 2023",Handball Sport Verein Hamburg,SC Magdeburg,,,https://www.daikin-hbl.de/en/match/94151d3a-3961-11ef-b45a-2d4c63b0970e
"Dec 19, 2023",HC Erlangen,HBW Balingen-Weilstetten,,,https://www.daikin-hbl.de/en/match/94378f44-3961-11ef-b2dd-2d4c63b0970e
"Dec 19, 2023",Füchse Berlin,TVB Stuttgart,,,https://www.daikin-hbl.de/en/match/944c502a-3961-11ef-91c9-2d4c63b0970e
"Dec 19, 2023",SG Flensburg-Handewitt,TBV Lemgo Lippe,,,https://www.daikin-hbl.de/en/match/9aaa0693-3961-11ef-a620-2d4c63b0970e
"Dec 17, 2023",TSV Hannover-Burgdorf,Bergischer HC,,,https://www.daikin-hbl.de/en/match/936c720b-3961-11ef-bf4d-2d4c63b0970e
"Dec 17, 2023",SC DHfK Leipzig,VfL Gummersbach,,,https://www.daikin-hbl.de/en/match/9380756d-3961-11ef-9880-2d4c63b0970e
"Dec 16, 2023",Handball Sport Verein Hamburg,HBW Balingen-Weilstetten,,,https://www.daikin-hbl.de/en/match/935b0ca6-3961-11ef-b576-2d4c63b0970e
"Dec 16, 2023",FRISCH AUF! Göppingen,SG Flensburg-Handewitt,,,https://www.daikin-hbl.de/en/match/9392d2ed-3961-11ef-bf2a-2d4c63b0970e
"Dec 16, 2023",TBV Lemgo Lippe,Füchse Berlin,,,https://www.daikin-hbl.de/en/match/93b501e3-3961-11ef-8e09-2d4c63b0970e
"Dec 16, 2023",HSG Wetzlar,MT Melsungen,,,https://www.daikin-hbl.de/en/match/93c63979-3961-11ef-a80e-2d4c63b0970e
"Dec 16, 2023",SC Magdeburg,Rhein-Neckar Löwen,,,https://www.daikin-hbl.de/en/match/93a41599-3961-11ef-8649-2d4c63b0970e
"Dec 15, 2023",ThSV Eisenach,THW Kiel,,,https://www.daikin-hbl.de/en/match/93ea46c6-3961-11ef-9d4d-2d4c63b0970e
"Dec 15, 2023",TVB Stuttgart,HC Erlangen,,,https://www.daikin-hbl.de/en/match/93d7d855-3961-11ef-8a50-2d4c63b0970e
"Dec 10, 2023",Füchse Berlin,FRISCH AUF! Göppingen,,,https://www.daikin-hbl.de/en/match/92ed8c68-3961-11ef-94d3-2d4c63b0970e
"Dec 10, 2023",HBW Balingen-Weilstetten,TSV Hannover-Burgdorf,,,https://www.daikin-hbl.de/en/match/92c90d20-3961-11ef-a9ef-2d4c63b0970e
"Dec 10, 2023",Bergischer HC,TVB Stuttgart,,,https://www.daikin-hbl.de/en/match/93005737-3961-11ef-b35f-2d4c63b0970e
"Dec 10, 2023",MT Melsungen,SC Magdeburg,,,https://www.daikin-hbl.de/en/match/92b75d39-3961-11ef-9c52-2d4c63b0970e
"Dec 9, 2023",HC Erlangen,THW Kiel,,,https://www.daikin-hbl.de/en/match/92db03ba-3961-11ef-8b6b-2d4c63b0970e
"Dec 9, 2023",Rhein-Neckar Löwen,TBV Lemgo Lippe,,,https://www.daikin-hbl.de/en/match/93262182-3961-11ef-b644-2d4c63b0970e
"Dec 8, 2023",ThSV Eisenach,SC DHfK Leipzig,,,https://www.daikin-hbl.de/en/match/934990ca-3961-11ef-a831-2d4c63b0970e
"Dec 8, 2023",SG Flensburg-Handewitt,HSG Wetzlar,,,https://www.daikin-hbl.de/en/match/9312ebf8-3961-11ef-86f9-2d4c63b0970e
"Dec 7, 2023",VfL Gummersbach,Handball Sport Verein Hamburg,,,https://www.daikin-hbl.de/en/match/93384ce3-3961-11ef-aaa9-2d4c63b0970e
"Dec 3, 2023",SC DHfK Leipzig,HC Erlangen,,,https://www.daikin-hbl.de/en/match/922277fe-3961-11ef-bc29-2d4c63b0970e
"Dec 3, 2023",THW Kiel,Bergischer HC,,,https://www.daikin-hbl.de/en/match/92a59702-3961-11ef-b114-2d4c63b0970e
"Dec 3, 2023",SC Magdeburg,VfL Gummersbach,,,https://www.daikin-hbl.de/en/match/924a7904-3961-11ef-a199-2d4c63b0970e
"Dec 2, 2023",Handball Sport Verein Hamburg,Rhein-Neckar Löwen,,,https://www.daikin-hbl.de/en/match/9210dd30-3961-11ef-814f-2d4c63b0970e
"Dec 2, 2023",TVB Stuttgart,TSV Hannover-Burgdorf,,,https://www.daikin-hbl.de/en/match/9294096a-3961-11ef-9121-2d4c63b0970e
"Dec 1, 2023",SG Flensburg-Handewitt,MT Melsungen,,,https://www.daikin-hbl.de/en/match/926ec750-3961-11ef-a591-2d4c63b0970e
"Dec 1, 2023",HSG Wetzlar,Füchse Berlin,,,https://www.daikin-hbl.de/en/match/9283236e-3961-11ef-a29c-2d4c63b0970e
"Nov 30, 2023",FRISCH AUF! Göppingen,HBW Balingen-Weilstetten,,,https://www.daikin-hbl.de/en/match/92354a8a-3961-11ef-bac0-2d4c63b0970e
"Nov 30, 2023",TBV Lemgo Lippe,ThSV Eisenach,,,https://www.daikin-hbl.de/en/match/925d7c84-3961-11ef-8f7e-2d4c63b0970e
"Nov 26, 2023",TVB Stuttgart,THW Kiel,,,https://www.daikin-hbl.de/en/match/91d70225-3961-11ef-94f5-2d4c63b0970e
"Nov 26, 2023",HBW Balingen-Weilstetten,SC Magdeburg,,,https://www.daikin-hbl.de/en/match/917bc1f2-3961-11ef-9414-2d4c63b0970e
"Nov 26, 2023",Rhein-Neckar Löwen,HSG Wetzlar,,,https://www.daikin-hbl.de/en/match/91c4f642-3961-11ef-8f0d-2d4c63b0970e
"Nov 26, 2023",Füchse Berlin,Handball Sport Verein Hamburg,,,https://www.daikin-hbl.de/en/match/91a0f3bb-3961-11ef-b246-2d4c63b0970e
"Nov 25, 2023",VfL Gummersbach,SG Flensburg-Handewitt,,,https://www.daikin-hbl.de/en/match/91ea63fe-3961-11ef-8025-2d4c63b0970e
"Nov 25, 2023",TSV Hannover-Burgdorf,TBV Lemgo Lippe,,,https://www.daikin-hbl.de/en/match/916a7173-3961-11ef-89ce-2d4c63b0970e
"Nov 24, 2023",HC Erlangen,FRISCH AUF! Göppingen,,,https://www.daikin-hbl.de/en/match/918e98ff-3961-11ef-8742-2d4c63b0970e
"Nov 24, 2023",ThSV Eisenach,MT Melsungen,,,https://www.daikin-hbl.de/en/match/91fdfb76-3961-11ef-8a71-2d4c63b0970e
"Nov 23, 2023",Bergischer HC,SC DHfK Leipzig,,,https://www.daikin-hbl.de/en/match/91b2a879-3961-11ef-bf4c-2d4c63b0970e
"Nov 20, 2023",HSG Wetzlar,VfL Gummersbach,,,https://www.daikin-hbl.de/en/match/9144c23a-3961-11ef-91ff-2d4c63b0970e
"Nov 19, 2023",SC Magdeburg,ThSV Eisenach,,,https://www.daikin-hbl.de/en/match/910d4974-3961-11ef-a4bf-2d4c63b0970e
"Nov 19, 2023",MT Melsungen,HBW Balingen-Weilstetten,,,https://www.daikin-hbl.de/en/match/90c399b6-3961-11ef-afeb-2d4c63b0970e
"Nov 19, 2023",THW Kiel,Füchse Berlin,,,https://www.daikin-hbl.de/en/match/9157f86f-3961-11ef-87cc-2d4c63b0970e
"Nov 18, 2023",SG Flensburg-Handewitt,Rhein-Neckar Löwen,,,https://www.daikin-hbl.de/en/match/9131969e-3961-11ef-a196-2d4c63b0970e
"Nov 17, 2023",Handball Sport Verein Hamburg,HC Erlangen,,,https://www.daikin-hbl.de/en/match/90d5459a-3961-11ef-83cd-2d4c63b0970e
"Nov 17, 2023",FRISCH AUF! Göppingen,TSV Hannover-Burgdorf,,,https://www.daikin-hbl.de/en/match/90faaca1-3961-11ef-a2d5-2d4c63b0970e
"Nov 16, 2023",SC DHfK Leipzig,TVB Stuttgart,,,https://www.daikin-hbl.de/en/match/90e7d585-3961-11ef-be76-2d4c63b0970e
"Nov 16, 2023",TBV Lemgo Lippe,Bergischer HC,,,https://www.daikin-hbl.de/en/match/911e4d9c-3961-11ef-bbd0-2d4c63b0970e
"Nov 13, 2023",HBW Balingen-Weilstetten,TBV Lemgo Lippe,,,https://www.daikin-hbl.de/en/match/902f969f-3961-11ef-a67a-2d4c63b0970e
"Nov 12, 2023",VfL Gummersbach,MT Melsungen,,,https://www.daikin-hbl.de/en/match/909ff445-3961-11ef-bda4-2d4c63b0970e
"Nov 12, 2023",Rhein-Neckar Löwen,THW Kiel,,,https://www.daikin-hbl.de/en/match/84bdac7c-3961-11ef-80fb-9d9e873b24f2
"Nov 11, 2023",Bergischer HC,Handball Sport Verein Hamburg,,,https://www.daikin-hbl.de/en/match/906364d7-3961-11ef-98b8-2d4c63b0970e
"Nov 10, 2023",TVB Stuttgart,FRISCH AUF! Göppingen,,,https://www.daikin-hbl.de/en/match/90883764-3961-11ef-bbc3-2d4c63b0970e
"Nov 10, 2023",ThSV Eisenach,HSG Wetzlar,,,https://www.daikin-hbl.de/en/match/90b25fbb-3961-11ef-b552-2d4c63b0970e
"Nov 9, 2023",TSV Hannover-Burgdorf,THW Kiel,,,https://www.daikin-hbl.de/en/match/901e5fb1-3961-11ef-b2f2-2d4c63b0970e
"Nov 9, 2023",Rhein-Neckar Löwen,SC DHfK Leipzig,,,https://www.daikin-hbl.de/en/match/9074a037-3961-11ef-a5fb-2d4c63b0970e
"Oct 29, 2023",SC Magdeburg,Bergischer HC,,,https://www.daikin-hbl.de/en/match/8fbea49d-3961-11ef-945c-2d4c63b0970e
"Oct 29, 2023",HSG Wetzlar,TVB Stuttgart,,,https://www.daikin-hbl.de/en/match/8d5735c0-3961-11ef-a6c9-2d4c63b0970e
"Oct 29, 2023",FRISCH AUF! Göppingen,THW Kiel,,,https://www.daikin-hbl.de/en/match/8fac1e64-3961-11ef-93a7-2d4c63b0970e
"Oct 29, 2023",SC DHfK Leipzig,HBW Balingen-Weilstetten,,,https://www.daikin-hbl.de/en/match/8f9a5c9e-3961-11ef-b7ac-2d4c63b0970e
"Oct 28, 2023",MT Melsungen,Rhein-Neckar Löwen,,,https://www.daikin-hbl.de/en/match/8f766fe0-3961-11ef-a906-2d4c63b0970e
"Oct 28, 2023",SG Flensburg-Handewitt,ThSV Eisenach,,,https://www.daikin-hbl.de/en/match/8fe2987f-3961-11ef-9f4c-2d4c63b0970e
"Oct 27, 2023",VfL Gummersbach,Füchse Berlin,,,https://www.daikin-hbl.de/en/match/900abec9-3961-11ef-99bf-2d4c63b0970e
"Oct 27, 2023",Handball Sport Verein Hamburg,TSV Hannover-Burgdorf,,,https://www.daikin-hbl.de/en/match/8f88681f-3961-11ef-962e-2d4c63b0970e
"Oct 26, 2023",TBV Lemgo Lippe,TVB Stuttgart,,,https://www.daikin-hbl.de/en/match/8fd0ddbc-3961-11ef-910e-2d4c63b0970e
"Oct 26, 2023",HSG Wetzlar,HC Erlangen,,,https://www.daikin-hbl.de/en/match/8ff5cf30-3961-11ef-a65a-2d4c63b0970e
"Oct 22, 2023",Rhein-Neckar Löwen,VfL Gummersbach,,,https://www.daikin-hbl.de/en/match/8f2b5c8a-3961-11ef-91d8-2d4c63b0970e
"Oct 22, 2023",TVB Stuttgart,SC Magdeburg,,,https://www.daikin-hbl.de/en/match/8f3c9cf2-3961-11ef-b1d4-2d4c63b0970e
"Oct 22, 2023",THW Kiel,TBV Lemgo Lippe,,,https://www.daikin-hbl.de/en/match/8f4ee460-3961-11ef-8cbc-2d4c63b0970e
"Oct 21, 2023",HC Erlangen,SG Flensburg-Handewitt,,,https://www.daikin-hbl.de/en/match/8ef64a29-3961-11ef-a68e-2d4c63b0970e
"Oct 21, 2023",Bergischer HC,FRISCH AUF! Göppingen,,,https://www.daikin-hbl.de/en/match/8f1a8b36-3961-11ef-a70a-2d4c63b0970e
"Oct 20, 2023",ThSV Eisenach,Handball Sport Verein Hamburg,,,https://www.daikin-hbl.de/en/match/8f61b0aa-3961-11ef-b325-2d4c63b0970e
"Oct 20, 2023",TSV Hannover-Burgdorf,SC DHfK Leipzig,,,https://www.daikin-hbl.de/en/match/8ed2ff2f-3961-11ef-9027-2d4c63b0970e
"Oct 20, 2023",HBW Balingen-Weilstetten,HSG Wetzlar,,,https://www.daikin-hbl.de/en/match/8ee51e48-3961-11ef-a00b-2d4c63b0970e
"Oct 19, 2023",Füchse Berlin,MT Melsungen,,,https://www.daikin-hbl.de/en/match/8f074013-3961-11ef-9793-2d4c63b0970e
"Oct 16, 2023",MT Melsungen,HC Erlangen,,,https://www.daikin-hbl.de/en/match/8ec159dd-3961-11ef-b1e9-2d4c63b0970e
"Oct 15, 2023",TBV Lemgo Lippe,FRISCH AUF! Göppingen,,,https://www.daikin-hbl.de/en/match/8e9e2d7a-3961-11ef-83b2-2d4c63b0970e
"Oct 15, 2023",SG Flensburg-Handewitt,HBW Balingen-Weilstetten,,,https://www.daikin-hbl.de/en/match/8eb107b6-3961-11ef-aadb-2d4c63b0970e
"Oct 15, 2023",SC Magdeburg,TSV Hannover-Burgdorf,,,https://www.daikin-hbl.de/en/match/8e8d135c-3961-11ef-ae25-2d4c63b0970e
"Oct 14, 2023",SC DHfK Leipzig,THW Kiel,,,https://www.daikin-hbl.de/en/match/8e7c1811-3961-11ef-b7a1-2d4c63b0970e
"Oct 13, 2023",HSG Wetzlar,Bergischer HC,,,https://www.daikin-hbl.de/en/match/8e6add83-3961-11ef-85a2-2d4c63b0970e
"Oct 13, 2023",VfL Gummersbach,ThSV Eisenach,,,https://www.daikin-hbl.de/en/match/8e5935ad-3961-11ef-b021-2d4c63b0970e
"Oct 12, 2023",Handball Sport Verein Hamburg,TVB Stuttgart,,,https://www.daikin-hbl.de/en/match/8e347dc9-3961-11ef-9e06-2d4c63b0970e
"Oct 12, 2023",Füchse Berlin,Rhein-Neckar Löwen,,,https://www.daikin-hbl.de/en/match/8e470db2-3961-11ef-9062-2d4c63b0970e
"Oct 11, 2023",SG Flensburg-Handewitt,SC DHfK Leipzig,,,https://www.daikin-hbl.de/en/match/84ac2112-3961-11ef-abb7-9d9e873b24f2
"Oct 9, 2023",ThSV Eisenach,Rhein-Neckar Löwen,,,https://www.daikin-hbl.de/en/match/8e21abe7-3961-11ef-875c-2d4c63b0970e
"Oct 8, 2023",TVB Stuttgart,SG Flensburg-Handewitt,,,https://www.daikin-hbl.de/en/match/8e0e7329-3961-11ef-8b05-2d4c63b0970e
"Oct 8, 2023",TSV Hannover-Burgdorf,HSG Wetzlar,,,https://www.daikin-hbl.de/en/match/8deaa57f-3961-11ef-83d1-2d4c63b0970e
"Oct 8, 2023",TBV Lemgo Lippe,SC DHfK Leipzig,,,https://www.daikin-hbl.de/en/match/8dfdb3d1-3961-11ef-9129-2d4c63b0970e
"Oct 8, 2023",THW Kiel,Handball Sport Verein Hamburg,,,https://www.daikin-hbl.de/en/match/8dda28e3-3961-11ef-b927-2d4c63b0970e
"Oct 7, 2023",FRISCH AUF! Göppingen,SC Magdeburg,,,https://www.daikin-hbl.de/en/match/8dc90a06-3961-11ef-b8a7-2d4c63b0970e
"Oct 7, 2023",HBW Balingen-Weilstetten,VfL Gummersbach,,,https://www.daikin-hbl.de/en/match/8da37976-3961-11ef-b4e4-2d4c63b0970e
"Oct 7, 2023",Bergischer HC,MT Melsungen,,,https://www.daikin-hbl.de/en/match/8db6216c-3961-11ef-a42d-2d4c63b0970e
"Oct 7, 2023",HC Erlangen,Füchse Berlin,,,https://www.daikin-hbl.de/en/match/8d90916a-3961-11ef-8e82-2d4c63b0970e
"Oct 1, 2023",SC DHfK Leipzig,FRISCH AUF! Göppingen,,,https://www.daikin-hbl.de/en/match/8d6a3072-3961-11ef-9ea1-2d4c63b0970e
"Oct 1, 2023",Füchse Berlin,ThSV Eisenach,,,https://www.daikin-hbl.de/en/match/8d7e2f72-3961-11ef-b8a7-2d4c63b0970e
"Oct 1, 2023",Rhein-Neckar Löwen,TVB Stuttgart,,,https://www.daikin-hbl.de/en/match/839d818e-3961-11ef-8ca7-9d9e873b24f2
"Sep 30, 2023",SC Magdeburg,THW Kiel,,,https://www.daikin-hbl.de/en/match/8d45c86e-3961-11ef-b248-2d4c63b0970e
"Sep 29, 2023",MT Melsungen,TSV Hannover-Burgdorf,,,https://www.daikin-hbl.de/en/match/8d32f67d-3961-11ef-8dae-2d4c63b0970e
"Sep 29, 2023",Handball Sport Verein Hamburg,TBV Lemgo Lippe,,,https://www.daikin-hbl.de/en/match/8d20bf6d-3961-11ef-8c62-2d4c63b0970e
"Sep 28, 2023",SG Flensburg-Handewitt,Bergischer HC,,,https://www.daikin-hbl.de/en/match/8ce7beb9-3961-11ef-8869-2d4c63b0970e
"Sep 28, 2023",Rhein-Neckar Löwen,HBW Balingen-Weilstetten,,,https://www.daikin-hbl.de/en/match/8cfabf48-3961-11ef-b644-2d4c63b0970e
"Sep 28, 2023",VfL Gummersbach,HC Erlangen,,,https://www.daikin-hbl.de/en/match/8d0fcbd2-3961-11ef-9cb9-2d4c63b0970e
"Sep 25, 2023",TVB Stuttgart,VfL Gummersbach,,,https://www.daikin-hbl.de/en/match/8cced579-3961-11ef-a033-2d4c63b0970e
"Sep 24, 2023",TBV Lemgo Lippe,MT Melsungen,,,https://www.daikin-hbl.de/en/match/866156bf-3961-11ef-958b-9d9e873b24f2
"Sep 24, 2023",SC DHfK Leipzig,SC Magdeburg,,,https://www.daikin-hbl.de/en/match/86516680-3961-11ef-b8f4-9d9e873b24f2
"Sep 24, 2023",Handball Sport Verein Hamburg,HSG Wetzlar,,,https://www.daikin-hbl.de/en/match/8421c0f9-3961-11ef-9737-9d9e873b24f2
"Sep 23, 2023",HC Erlangen,ThSV Eisenach,,,https://www.daikin-hbl.de/en/match/86287877-3961-11ef-ab7d-9d9e873b24f2
"Sep 23, 2023",Bergischer HC,Rhein-Neckar Löwen,,,https://www.daikin-hbl.de/en/match/864068e0-3961-11ef-a8b4-9d9e873b24f2
"Sep 22, 2023",HBW Balingen-Weilstetten,Füchse Berlin,,,https://www.daikin-hbl.de/en/match/8618902e-3961-11ef-9a86-9d9e873b24f2
"Sep 22, 2023",TSV Hannover-Burgdorf,SG Flensburg-Handewitt,,,https://www.daikin-hbl.de/en/match/86091b8c-3961-11ef-b6b5-9d9e873b24f2
"Sep 21, 2023",FRISCH AUF! Göppingen,Handball Sport Verein Hamburg,,,https://www.daikin-hbl.de/en/match/85f84a49-3961-11ef-bb3f-9d9e873b24f2
"Sep 18, 2023",Rhein-Neckar Löwen,HC Erlangen,,,https://www.daikin-hbl.de/en/match/85db8d02-3961-11ef-910d-9d9e873b24f2
"Sep 17, 2023",SC Magdeburg,TBV Lemgo Lippe,,,https://www.daikin-hbl.de/en/match/85bcbea6-3961-11ef-8d66-9d9e873b24f2
"Sep 17, 2023",HSG Wetzlar,FRISCH AUF! Göppingen,,,https://www.daikin-hbl.de/en/match/85cb5c39-3961-11ef-be7b-9d9e873b24f2
"Sep 17, 2023",Füchse Berlin,TSV Hannover-Burgdorf,,,https://www.daikin-hbl.de/en/match/85adf68f-3961-11ef-a6c2-9d9e873b24f2
"Sep 16, 2023",Handball Sport Verein Hamburg,SC DHfK Leipzig,,,https://www.daikin-hbl.de/en/match/859e9481-3961-11ef-812f-9d9e873b24f2
"Sep 15, 2023",ThSV Eisenach,HBW Balingen-Weilstetten,,,https://www.daikin-hbl.de/en/match/858eeb69-3961-11ef-a6d4-9d9e873b24f2
"Sep 15, 2023",MT Melsungen,TVB Stuttgart,,,https://www.daikin-hbl.de/en/match/857e8859-3961-11ef-ae66-9d9e873b24f2
"Sep 14, 2023",VfL Gummersbach,Bergischer HC,,,https://www.daikin-hbl.de/en/match/856f225c-3961-11ef-8459-9d9e873b24f2
"Sep 11, 2023",TBV Lemgo Lippe,SG Flensburg-Handewitt,,,https://www.daikin-hbl.de/en/match/85512403-3961-11ef-973e-9d9e873b24f2
"Sep 10, 2023",Bergischer HC,Füchse Berlin,,,https://www.daikin-hbl.de/en/match/85302c2a-3961-11ef-bfe8-9d9e873b24f2
"Sep 10, 2023",TVB Stuttgart,ThSV Eisenach,,,https://www.daikin-hbl.de/en/match/8541112f-3961-11ef-a9cf-9d9e873b24f2
"Sep 10, 2023",SC Magdeburg,Handball Sport Verein Hamburg,,,https://www.daikin-hbl.de/en/match/84fc91e0-3961-11ef-a12c-9d9e873b24f2
"Sep 10, 2023",TSV Hannover-Burgdorf,Rhein-Neckar Löwen,,,https://www.daikin-hbl.de/en/match/850cd7c5-3961-11ef-a05c-9d9e873b24f2
"Sep 10, 2023",SC DHfK Leipzig,HSG Wetzlar,,,https://www.daikin-hbl.de/en/match/851ea638-3961-11ef-8670-9d9e873b24f2
"Sep 10, 2023",THW Kiel,MT Melsungen,,,https://www.daikin-hbl.de/en/match/84ec9976-3961-11ef-9c3b-9d9e873b24f2
"Sep 9, 2023",HBW Balingen-Weilstetten,HC Erlangen,,,https://www.daikin-hbl.de/en/match/84cdb8e7-3961-11ef-888d-9d9e873b24f2
"Sep 9, 2023",FRISCH AUF! Göppingen,VfL Gummersbach,,,https://www.daikin-hbl.de/en/match/84dd278d-3961-11ef-95e3-9d9e873b24f2
"Sep 7, 2023",SG Flensburg-Handewitt,THW Kiel,,,https://www.daikin-hbl.de/en/match/8560423c-3961-11ef-a5bb-9d9e873b24f2
"Sep 7, 2023",MT Melsungen,Handball Sport Verein Hamburg,,,https://www.daikin-hbl.de/en/match/84898db5-3961-11ef-9947-9d9e873b24f2
"Sep 7, 2023",HSG Wetzlar,TBV Lemgo Lippe,,,https://www.daikin-hbl.de/en/match/849ac6fc-3961-11ef-a981-9d9e873b24f2
"Sep 6, 2023",Füchse Berlin,SC Magdeburg,,,https://www.daikin-hbl.de/en/match/8479dda3-3961-11ef-a5c2-9d9e873b24f2
"Sep 6, 2023",HC Erlangen,Bergischer HC,,,https://www.daikin-hbl.de/en/match/84427bf0-3961-11ef-836b-9d9e873b24f2
"Sep 6, 2023",VfL Gummersbach,TSV Hannover-Burgdorf,,,https://www.daikin-hbl.de/en/match/8453dab3-3961-11ef-8d35-9d9e873b24f2
"Sep 6, 2023",ThSV Eisenach,FRISCH AUF! Göppingen,,,https://www.daikin-hbl.de/en/match/84633bbb-3961-11ef-bafa-9d9e873b24f2
"Sep 5, 2023",HBW Balingen-Weilstetten,TVB Stuttgart,,,https://www.daikin-hbl.de/en/match/843077dd-3961-11ef-88e1-9d9e873b24f2
"Sep 3, 2023",TBV Lemgo Lippe,HC Erlangen,,,https://www.daikin-hbl.de/en/match/8412a13b-3961-11ef-a0ec-9d9e873b24f2
"Sep 3, 2023",THW Kiel,HSG Wetzlar,,,https://www.daikin-hbl.de/en/match/85ea053a-3961-11ef-bdb0-9d9e873b24f2
"Sep 3, 2023",SC Magdeburg,SG Flensburg-Handewitt,,,https://www.daikin-hbl.de/en/match/840429c7-3961-11ef-9165-9d9e873b24f2
"Sep 2, 2023",MT Melsungen,SC DHfK Leipzig,,,https://www.daikin-hbl.de/en/match/83f62605-3961-11ef-98cf-9d9e873b24f2
"Sep 1, 2023",TVB Stuttgart,Füchse Berlin,,,https://www.daikin-hbl.de/en/match/83e74cc7-3961-11ef-b9ff-9d9e873b24f2
"Sep 1, 2023",Bergischer HC,HBW Balingen-Weilstetten,,,https://www.daikin-hbl.de/en/match/83d7ff48-3961-11ef-bbdd-9d9e873b24f2
"Aug 31, 2023",FRISCH AUF! Göppingen,Rhein-Neckar Löwen,,,https://www.daikin-hbl.de/en/match/83ab5793-3961-11ef-afc3-9d9e873b24f2
"Aug 31, 2023",TSV Hannover-Burgdorf,ThSV Eisenach,,,https://www.daikin-hbl.de/en/match/83b8fb80-3961-11ef-9bed-9d9e873b24f2
"Aug 31, 2023",THW Kiel,VfL Gummersbach,,,https://www.daikin-hbl.de/en/match/83c82424-3961-11ef-9a6e-9d9e873b24f2
"Aug 28, 2023",SC DHfK Leipzig,Füchse Berlin,,,https://www.daikin-hbl.de/en/match/838f621a-3961-11ef-a951-9d9e873b24f2
"Aug 27, 2023",MT Melsungen,FRISCH AUF! Göppingen,,,https://www.daikin-hbl.de/en/match/83713abb-3961-11ef-8e18-9d9e873b24f2
"Aug 27, 2023",VfL Gummersbach,TBV Lemgo Lippe,,,https://www.daikin-hbl.de/en/match/8380f7ef-3961-11ef-84c9-9d9e873b24f2
"Aug 27, 2023",HBW Balingen-Weilstetten,THW Kiel,,,https://www.daikin-hbl.de/en/match/836233b0-3961-11ef-97c5-9d9e873b24f2
"Aug 26, 2023",ThSV Eisenach,Bergischer HC,,,https://www.daikin-hbl.de/en/match/83537cd8-3961-11ef-afcf-9d9e873b24f2
"Aug 25, 2023",HSG Wetzlar,SC Magdeburg,,,https://www.daikin-hbl.de/en/match/83432aa5-3961-11ef-afe9-9d9e873b24f2
"Aug 24, 2023",HC Erlangen,TSV Hannover-Burgdorf,,,https://www.daikin-hbl.de/en/match/8322fed8-3961-11ef-b537-9d9e873b24f2
"Aug 24, 2023",SG Flensburg-Handewitt,Handball Sport Verein Hamburg,,,https://www.daikin-hbl.de/en/match/83329930-3961-11ef-bcfe-9d9e873b24f2
