,Fecha,Equipo local,Equipo visitante,Resultado,Jornada, victoria_local,goles_locales,goles_visitante,goles_totales,victoria_local,Over_60
0,08/06/2025,SG BBM Bietigheim,SC Magdeburg,25 - 35,34,,25,35,60,0,0
1,08/06/2025,TBV Lemgo Lippe,FRISCH AUF! Göppingen,29 - 29,34,,29,29,58,0,0
2,08/06/2025,SG Flensburg-Handewitt,Handball Sport Verein Hamburg,40 - 37,34,,40,37,77,1,1
3,08/06/2025,HSG Wetzlar,HC Erlangen,21 - 25,34,,21,25,46,0,0
4,08/06/2025,Rhein-Neckar Löwen,Füchse Berlin,33 - 38,34,,33,38,71,0,1
5,08/06/2025,VfL Gummersbach,TSV Hannover-Burgdorf,39 - 29,34,,39,29,68,1,1
6,08/06/2025,TVB Stuttgart,SC DHfK Leipzig,29 - 28,34,,29,28,57,1,0
7,08/06/2025,1. VfL Potsdam,MT Melsungen,26 - 31,34,,26,31,57,0,0
8,08/06/2025,THW Kiel,ThSV Eisenach,36 - 35,34,,36,35,71,1,1
9,05/06/2025,Füchse Berlin,VfL Gummersbach,45 - 35,33,,45,35,80,1,1
10,05/06/2025,Handball Sport Verein Hamburg,HSG Wetzlar,33 - 29,33,,33,29,62,1,1
11,05/06/2025,FRISCH AUF! Göppingen,TVB Stuttgart,28 - 27,33,,28,27,55,1,0
12,04/06/2025,SC Magdeburg,SG Flensburg-Handewitt,35 - 27,33,,35,27,62,1,1
13,04/06/2025,TSV Hannover-Burgdorf,THW Kiel,29 - 29,33,,29,29,58,0,0
14,04/06/2025,SC DHfK Leipzig,SG BBM Bietigheim,25 - 34,33,,25,34,59,0,0
15,04/06/2025,MT Melsungen,TBV Lemgo Lippe,26 - 26,33,,26,26,52,0,0
16,04/06/2025,ThSV Eisenach,1. VfL Potsdam,37 - 19,33,,37,19,56,1,0
17,01/06/2025,SG Flensburg-Handewitt,TSV Hannover-Burgdorf,34 - 32,32,,34,32,66,1,1
18,01/06/2025,TBV Lemgo Lippe,SC Magdeburg,29 - 31,32,,29,31,60,0,0
19,01/06/2025,TVB Stuttgart,Füchse Berlin,20 - 35,32,,20,35,55,0,0
20,01/06/2025,MT Melsungen,ThSV Eisenach,26 - 25,32,,26,25,51,1,0
21,01/06/2025,HSG Wetzlar,Rhein-Neckar Löwen,30 - 30,32,,30,30,60,0,0
22,01/06/2025,SG BBM Bietigheim,HC Erlangen,23 - 29,32,,23,29,52,0,0
23,31/05/2025,VfL Gummersbach,SC DHfK Leipzig,32 - 31,32,,32,31,63,1,1
24,31/05/2025,1. VfL Potsdam,FRISCH AUF! Göppingen,21 - 25,32,,21,25,46,0,0
25,31/05/2025,THW Kiel,Handball Sport Verein Hamburg,38 - 37,32,,38,37,75,1,1
26,29/05/2025,SG BBM Bietigheim,SG Flensburg-Handewitt,29 - 29,31,,29,29,58,0,0
27,29/05/2025,Rhein-Neckar Löwen,TVB Stuttgart,26 - 33,31,,26,33,59,0,0
28,29/05/2025,Füchse Berlin,MT Melsungen,37 - 29,31,,37,29,66,1,1
29,28/05/2025,THW Kiel,SC DHfK Leipzig,39 - 24,31,,39,24,63,1,1
30,28/05/2025,TSV Hannover-Burgdorf,1. VfL Potsdam,26 - 27,31,,26,27,53,0,0
31,28/05/2025,HC Erlangen,SC Magdeburg,23 - 34,31,,23,34,57,0,0
32,28/05/2025,HSG Wetzlar,TBV Lemgo Lippe,20 - 26,31,,20,26,46,0,0
33,28/05/2025,VfL Gummersbach,FRISCH AUF! Göppingen,41 - 25,31,,41,25,66,1,1
34,28/05/2025,Handball Sport Verein Hamburg,ThSV Eisenach,31 - 29,31,,31,29,60,1,0
35,25/05/2025,1. VfL Potsdam,SC Magdeburg,23 - 37,4,,23,37,60,0,0
36,24/05/2025,TVB Stuttgart,SG BBM Bietigheim,26 - 30,26,,26,30,56,0,0
37,22/05/2025,SC Magdeburg,ThSV Eisenach,33 - 32,16,,33,32,65,1,1
38,21/05/2025,Rhein-Neckar Löwen,VfL Gummersbach,32 - 34,12,,32,34,66,0,1
39,19/05/2025,SC Magdeburg,TSV Hannover-Burgdorf,34 - 28,30,,34,28,62,1,1
40,19/05/2025,SC DHfK Leipzig,Handball Sport Verein Hamburg,25 - 29,30,,25,29,54,0,0
41,19/05/2025,FRISCH AUF! Göppingen,Füchse Berlin,28 - 43,30,,28,43,71,0,1
42,19/05/2025,TBV Lemgo Lippe,SG BBM Bietigheim,33 - 21,30,,33,21,54,1,0
43,19/05/2025,MT Melsungen,HSG Wetzlar,33 - 27,30,,33,27,60,1,0
44,18/05/2025,TVB Stuttgart,HC Erlangen,27 - 30,30,,27,30,57,0,0
45,18/05/2025,SG Flensburg-Handewitt,Rhein-Neckar Löwen,28 - 33,30,,28,33,61,0,1
46,18/05/2025,ThSV Eisenach,VfL Gummersbach,30 - 34,30,,30,34,64,0,1
47,18/05/2025,1. VfL Potsdam,THW Kiel,22 - 25,30,,22,25,47,0,0
48,16/05/2025,TSV Hannover-Burgdorf,MT Melsungen,23 - 29,29,,23,29,52,0,0
49,16/05/2025,SG BBM Bietigheim,FRISCH AUF! Göppingen,31 - 30,29,,31,30,61,1,1
50,15/05/2025,HC Erlangen,SC DHfK Leipzig,23 - 25,29,,23,25,48,0,0
51,15/05/2025,VfL Gummersbach,SC Magdeburg,31 - 32,29,,31,32,63,0,1
52,15/05/2025,Rhein-Neckar Löwen,1. VfL Potsdam,29 - 26,29,,29,26,55,1,0
53,15/05/2025,Handball Sport Verein Hamburg,TVB Stuttgart,41 - 28,29,,41,28,69,1,1
54,15/05/2025,THW Kiel,TBV Lemgo Lippe,35 - 29,29,,35,29,64,1,1
55,15/05/2025,HSG Wetzlar,SG Flensburg-Handewitt,28 - 34,29,,28,34,62,0,1
56,15/05/2025,Füchse Berlin,ThSV Eisenach,34 - 26,29,,34,26,60,1,0
57,04/05/2025,MT Melsungen,Rhein-Neckar Löwen,25 - 22,28,,25,22,47,1,0
58,04/05/2025,Füchse Berlin,SG BBM Bietigheim,42 - 30,28,,42,30,72,1,1
59,04/05/2025,TVB Stuttgart,THW Kiel,32 - 35,28,,32,35,67,0,1
60,04/05/2025,SC Magdeburg,Handball Sport Verein Hamburg,37 - 28,28,,37,28,65,1,1
61,04/05/2025,FRISCH AUF! Göppingen,HC Erlangen,25 - 24,28,,25,24,49,1,0
62,03/05/2025,1. VfL Potsdam,SG Flensburg-Handewitt,26 - 34,28,,26,34,60,0,0
63,02/05/2025,ThSV Eisenach,TSV Hannover-Burgdorf,26 - 31,28,,26,31,57,0,0
64,02/05/2025,TBV Lemgo Lippe,VfL Gummersbach,35 - 26,28,,35,26,61,1,1
65,01/05/2025,SC DHfK Leipzig,HSG Wetzlar,30 - 18,28,,30,18,48,1,0
66,01/05/2025,HC Erlangen,Rhein-Neckar Löwen,34 - 25,33,,34,25,59,1,0
67,27/04/2025,Handball Sport Verein Hamburg,FRISCH AUF! Göppingen,31 - 30,27,,31,30,61,1,1
68,27/04/2025,HSG Wetzlar,SC Magdeburg,29 - 32,27,,29,32,61,0,1
69,26/04/2025,SG Flensburg-Handewitt,TVB Stuttgart,32 - 27,27,,32,27,59,1,0
70,26/04/2025,HC Erlangen,MT Melsungen,25 - 31,27,,25,31,56,0,0
71,26/04/2025,SG BBM Bietigheim,ThSV Eisenach,26 - 34,27,,26,34,60,0,0
72,25/04/2025,TSV Hannover-Burgdorf,TBV Lemgo Lippe,30 - 29,27,,30,29,59,1,0
73,25/04/2025,VfL Gummersbach,1. VfL Potsdam,31 - 27,27,,31,27,58,1,0
74,24/04/2025,Rhein-Neckar Löwen,SC DHfK Leipzig,35 - 34,27,,35,34,69,1,1
75,20/04/2025,Füchse Berlin,TSV Hannover-Burgdorf,37 - 33,26,,37,33,70,1,1
76,19/04/2025,MT Melsungen,VfL Gummersbach,26 - 25,26,,26,25,51,1,0
77,19/04/2025,SC Magdeburg,Rhein-Neckar Löwen,30 - 27,26,,30,27,57,1,0
78,19/04/2025,FRISCH AUF! Göppingen,THW Kiel,29 - 36,26,,29,36,65,0,1
79,17/04/2025,TBV Lemgo Lippe,Handball Sport Verein Hamburg,41 - 29,26,,41,29,70,1,1
80,17/04/2025,SC DHfK Leipzig,SG Flensburg-Handewitt,31 - 33,26,,31,33,64,0,1
81,17/04/2025,1. VfL Potsdam,HSG Wetzlar,32 - 28,26,,32,28,60,1,0
82,17/04/2025,ThSV Eisenach,HC Erlangen,26 - 26,26,,26,26,52,0,0
83,16/04/2025,SC Magdeburg,TVB Stuttgart,31 - 20,24,,31,20,51,1,0
84,16/04/2025,THW Kiel,Füchse Berlin,34 - 36,27,,34,36,70,0,1
85,10/04/2025,TBV Lemgo Lippe,1. VfL Potsdam,32 - 23,15,,32,23,55,1,0
86,10/04/2025,SC Magdeburg,HC Erlangen,30 - 19,17,,30,19,49,1,0
87,06/04/2025,TSV Hannover-Burgdorf,FRISCH AUF! Göppingen,30 - 36,25,,30,36,66,0,1
88,06/04/2025,SC DHfK Leipzig,SC Magdeburg,30 - 31,25,,30,31,61,0,1
89,06/04/2025,SG Flensburg-Handewitt,ThSV Eisenach,39 - 39,25,,39,39,78,0,1
90,05/04/2025,THW Kiel,VfL Gummersbach,31 - 25,25,,31,25,56,1,0
91,05/04/2025,HC Erlangen,Füchse Berlin,31 - 31,25,,31,31,62,0,1
92,05/04/2025,SG BBM Bietigheim,MT Melsungen,28 - 32,25,,28,32,60,0,0
93,05/04/2025,Rhein-Neckar Löwen,TBV Lemgo Lippe,33 - 26,25,,33,26,59,1,0
94,04/04/2025,HSG Wetzlar,TVB Stuttgart,26 - 28,25,,26,28,54,0,0
95,03/04/2025,Handball Sport Verein Hamburg,1. VfL Potsdam,28 - 23,25,,28,23,51,1,0
96,30/03/2025,Füchse Berlin,Handball Sport Verein Hamburg,40 - 35,24,,40,35,75,1,1
97,29/03/2025,TBV Lemgo Lippe,SG Flensburg-Handewitt,34 - 29,24,,34,29,63,1,1
98,29/03/2025,1. VfL Potsdam,HC Erlangen,23 - 26,24,,23,26,49,0,0
99,29/03/2025,MT Melsungen,THW Kiel,27 - 22,24,,27,22,49,1,0
100,28/03/2025,FRISCH AUF! Göppingen,SC DHfK Leipzig,29 - 27,24,,29,27,56,1,0
101,28/03/2025,ThSV Eisenach,Rhein-Neckar Löwen,30 - 35,24,,30,35,65,0,1
102,27/03/2025,TSV Hannover-Burgdorf,SG BBM Bietigheim,32 - 18,24,,32,18,50,1,0
103,27/03/2025,VfL Gummersbach,HSG Wetzlar,33 - 24,24,,33,24,57,1,0
104,23/03/2025,SC DHfK Leipzig,TBV Lemgo Lippe,26 - 35,23,,26,35,61,0,1
105,23/03/2025,HSG Wetzlar,FRISCH AUF! Göppingen,30 - 26,23,,30,26,56,1,0
106,23/03/2025,TVB Stuttgart,ThSV Eisenach,31 - 30,23,,31,30,61,1,1
107,22/03/2025,SG Flensburg-Handewitt,THW Kiel,36 - 33,23,,36,33,69,1,1
108,22/03/2025,HC Erlangen,VfL Gummersbach,24 - 31,23,,24,31,55,0,0
109,22/03/2025,SG BBM Bietigheim,1. VfL Potsdam,30 - 28,23,,30,28,58,1,0
110,21/03/2025,SC Magdeburg,Füchse Berlin,30 - 33,23,,30,33,63,0,1
111,20/03/2025,Handball Sport Verein Hamburg,MT Melsungen,42 - 32,23,,42,32,74,1,1
112,20/03/2025,Rhein-Neckar Löwen,TSV Hannover-Burgdorf,35 - 36,23,,35,36,71,0,1
113,09/03/2025,TSV Hannover-Burgdorf,Handball Sport Verein Hamburg,33 - 32,22,,33,32,65,1,1
114,09/03/2025,THW Kiel,Rhein-Neckar Löwen,29 - 24,22,,29,24,53,1,0
115,09/03/2025,Füchse Berlin,HSG Wetzlar,38 - 29,22,,38,29,67,1,1
116,08/03/2025,ThSV Eisenach,SC Magdeburg,26 - 36,22,,26,36,62,0,1
117,08/03/2025,FRISCH AUF! Göppingen,SG Flensburg-Handewitt,27 - 27,22,,27,27,54,0,0
118,07/03/2025,MT Melsungen,SC DHfK Leipzig,34 - 25,22,,34,25,59,1,0
119,07/03/2025,VfL Gummersbach,SG BBM Bietigheim,37 - 27,22,,37,27,64,1,1
120,06/03/2025,TBV Lemgo Lippe,HC Erlangen,30 - 24,22,,30,24,54,1,0
121,06/03/2025,1. VfL Potsdam,TVB Stuttgart,28 - 25,22,,28,25,53,1,0
122,02/03/2025,HC Erlangen,TSV Hannover-Burgdorf,33 - 33,21,,33,33,66,0,1
123,02/03/2025,SC Magdeburg,1. VfL Potsdam,25 - 15,21,,25,15,40,1,0
124,02/03/2025,SC DHfK Leipzig,Füchse Berlin,30 - 33,21,,30,33,63,0,1
125,01/03/2025,SG Flensburg-Handewitt,MT Melsungen,35 - 33,21,,35,33,68,1,1
126,28/02/2025,SG BBM Bietigheim,THW Kiel,24 - 39,21,,24,39,63,0,1
127,27/02/2025,HSG Wetzlar,ThSV Eisenach,30 - 31,21,,30,31,61,0,1
128,27/02/2025,SC DHfK Leipzig,1. VfL Potsdam,32 - 19,19,,32,19,51,1,0
129,27/02/2025,TVB Stuttgart,TBV Lemgo Lippe,23 - 26,21,,23,26,49,0,0
130,27/02/2025,Handball Sport Verein Hamburg,VfL Gummersbach,30 - 37,21,,30,37,67,0,1
131,26/02/2025,Rhein-Neckar Löwen,FRISCH AUF! Göppingen,29 - 28,21,,29,28,57,1,0
132,23/02/2025,Füchse Berlin,SG Flensburg-Handewitt,36 - 31,20,,36,31,67,1,1
133,23/02/2025,FRISCH AUF! Göppingen,SC Magdeburg,25 - 28,20,,25,28,53,0,0
134,22/02/2025,TSV Hannover-Burgdorf,HSG Wetzlar,34 - 32,20,,34,32,66,1,1
135,22/02/2025,VfL Gummersbach,Rhein-Neckar Löwen,36 - 25,20,,36,25,61,1,1
136,22/02/2025,MT Melsungen,TVB Stuttgart,35 - 29,20,,35,29,64,1,1
137,21/02/2025,1. VfL Potsdam,TBV Lemgo Lippe,21 - 22,20,,21,22,43,0,0
138,21/02/2025,ThSV Eisenach,SC DHfK Leipzig,34 - 34,20,,34,34,68,0,1
139,20/02/2025,Handball Sport Verein Hamburg,SG BBM Bietigheim,37 - 36,20,,37,36,73,1,1
140,20/02/2025,THW Kiel,HC Erlangen,28 - 24,20,,28,24,52,1,0
141,17/02/2025,FRISCH AUF! Göppingen,ThSV Eisenach,31 - 27,19,,31,27,58,1,0
142,16/02/2025,HC Erlangen,Handball Sport Verein Hamburg,29 - 35,19,,29,35,64,0,1
143,16/02/2025,TBV Lemgo Lippe,Füchse Berlin,25 - 25,19,,25,25,50,0,0
144,16/02/2025,HSG Wetzlar,THW Kiel,27 - 25,19,,27,25,52,1,0
145,16/02/2025,SC Magdeburg,MT Melsungen,29 - 28,19,,29,28,57,1,0
146,15/02/2025,SG Flensburg-Handewitt,VfL Gummersbach,35 - 30,19,,35,30,65,1,1
147,13/02/2025,Rhein-Neckar Löwen,SG BBM Bietigheim,36 - 30,19,,36,30,66,1,1
148,13/02/2025,TVB Stuttgart,TSV Hannover-Burgdorf,27 - 35,19,,27,35,62,0,1
149,10/02/2025,ThSV Eisenach,TBV Lemgo Lippe,34 - 31,18,,34,31,65,1,1
150,09/02/2025,HC Erlangen,SG Flensburg-Handewitt,26 - 32,18,,26,32,58,0,0
151,09/02/2025,TSV Hannover-Burgdorf,SC DHfK Leipzig,24 - 23,18,,24,23,47,1,0
152,09/02/2025,Füchse Berlin,1. VfL Potsdam,36 - 19,18,,36,19,55,1,0
153,09/02/2025,Handball Sport Verein Hamburg,Rhein-Neckar Löwen,30 - 30,18,,30,30,60,0,0
154,09/02/2025,SG BBM Bietigheim,HSG Wetzlar,27 - 28,18,,27,28,55,0,0
155,08/02/2025,VfL Gummersbach,TVB Stuttgart,36 - 29,18,,36,29,65,1,1
156,08/02/2025,THW Kiel,SC Magdeburg,31 - 25,18,,31,25,56,1,0
157,08/02/2025,MT Melsungen,FRISCH AUF! Göppingen,30 - 23,18,,30,23,53,1,0
158,27/12/2024,SC DHfK Leipzig,TSV Hannover-Burgdorf,30 - 32,17,,30,32,62,0,1
159,27/12/2024,SG Flensburg-Handewitt,SG BBM Bietigheim,39 - 27,17,,39,27,66,1,1
160,27/12/2024,FRISCH AUF! Göppingen,MT Melsungen,25 - 29,17,,25,29,54,0,0
161,27/12/2024,TVB Stuttgart,1. VfL Potsdam,29 - 24,17,,29,24,53,1,0
162,26/12/2024,VfL Gummersbach,Füchse Berlin,22 - 29,17,,22,29,51,0,0
163,26/12/2024,TBV Lemgo Lippe,THW Kiel,22 - 23,17,,22,23,45,0,0
164,26/12/2024,Rhein-Neckar Löwen,HSG Wetzlar,32 - 27,17,,32,27,59,1,0
165,26/12/2024,ThSV Eisenach,Handball Sport Verein Hamburg,32 - 31,17,,32,31,63,1,1
166,23/12/2024,TVB Stuttgart,Rhein-Neckar Löwen,25 - 28,16,,25,28,53,0,0
167,23/12/2024,1. VfL Potsdam,SC DHfK Leipzig,26 - 35,16,,26,35,61,0,1
168,23/12/2024,MT Melsungen,TSV Hannover-Burgdorf,31 - 23,16,,31,23,54,1,0
169,22/12/2024,Füchse Berlin,FRISCH AUF! Göppingen,35 - 23,16,,35,23,58,1,0
170,22/12/2024,THW Kiel,SG BBM Bietigheim,38 - 29,16,,38,29,67,1,1
171,22/12/2024,Handball Sport Verein Hamburg,SG Flensburg-Handewitt,32 - 32,16,,32,32,64,0,1
172,22/12/2024,HC Erlangen,TBV Lemgo Lippe,19 - 28,16,,19,28,47,0,0
173,22/12/2024,HSG Wetzlar,VfL Gummersbach,32 - 29,16,,32,29,61,1,1
174,16/12/2024,SG Flensburg-Handewitt,Füchse Berlin,38 - 37,15,,38,37,75,1,1
175,16/12/2024,VfL Gummersbach,MT Melsungen,24 - 29,15,,24,29,53,0,0
176,15/12/2024,TSV Hannover-Burgdorf,HC Erlangen,31 - 25,15,,31,25,56,1,0
177,15/12/2024,FRISCH AUF! Göppingen,HSG Wetzlar,27 - 24,15,,27,24,51,1,0
178,15/12/2024,Rhein-Neckar Löwen,SC Magdeburg,25 - 36,15,,25,36,61,0,1
179,14/12/2024,SC DHfK Leipzig,THW Kiel,28 - 32,15,,28,32,60,0,0
180,14/12/2024,SG BBM Bietigheim,Handball Sport Verein Hamburg,29 - 35,15,,29,35,64,0,1
181,14/12/2024,ThSV Eisenach,TVB Stuttgart,25 - 29,15,,25,29,54,0,0
182,12/12/2024,Rhein-Neckar Löwen,SG Flensburg-Handewitt,31 - 29,14,,31,29,60,1,0
183,12/12/2024,Füchse Berlin,TBV Lemgo Lippe,33 - 21,14,,33,21,54,1,0
184,11/12/2024,HSG Wetzlar,SC DHfK Leipzig,31 - 30,14,,31,30,61,1,1
185,11/12/2024,THW Kiel,TSV Hannover-Burgdorf,28 - 24,14,,28,24,52,1,0
186,11/12/2024,1. VfL Potsdam,ThSV Eisenach,26 - 31,14,,26,31,57,0,0
187,11/12/2024,MT Melsungen,Handball Sport Verein Hamburg,35 - 28,14,,35,28,63,1,1
188,11/12/2024,SC Magdeburg,VfL Gummersbach,37 - 28,14,,37,28,65,1,1
189,09/12/2024,SG BBM Bietigheim,TVB Stuttgart,29 - 30,13,,29,30,59,0,0
190,08/12/2024,FRISCH AUF! Göppingen,TBV Lemgo Lippe,29 - 22,13,,29,22,51,1,0
191,08/12/2024,VfL Gummersbach,HC Erlangen,28 - 24,13,,28,24,52,1,0
192,08/12/2024,Handball Sport Verein Hamburg,SC DHfK Leipzig,33 - 32,13,,33,32,65,1,1
193,08/12/2024,ThSV Eisenach,THW Kiel,33 - 37,13,,33,37,70,0,1
194,08/12/2024,Füchse Berlin,SC Magdeburg,31 - 31,13,,31,31,62,0,1
195,07/12/2024,HSG Wetzlar,MT Melsungen,27 - 29,13,,27,29,56,0,0
196,06/12/2024,SG Flensburg-Handewitt,1. VfL Potsdam,39 - 22,13,,39,22,61,1,1
197,06/12/2024,TSV Hannover-Burgdorf,Rhein-Neckar Löwen,35 - 30,13,,35,30,65,1,1
198,05/12/2024,TVB Stuttgart,FRISCH AUF! Göppingen,30 - 26,14,,30,26,56,1,0
199,05/12/2024,HC Erlangen,SG BBM Bietigheim,25 - 25,14,,25,25,50,0,0
200,01/12/2024,SC Magdeburg,SG BBM Bietigheim,35 - 26,12,,35,26,61,1,1
201,01/12/2024,TBV Lemgo Lippe,TSV Hannover-Burgdorf,22 - 31,12,,22,31,53,0,0
202,01/12/2024,1. VfL Potsdam,Füchse Berlin,26 - 36,12,,26,36,62,0,1
203,30/11/2024,THW Kiel,HSG Wetzlar,35 - 24,12,,35,24,59,1,0
204,29/11/2024,MT Melsungen,SG Flensburg-Handewitt,33 - 24,12,,33,24,57,1,0
205,29/11/2024,HC Erlangen,FRISCH AUF! Göppingen,28 - 24,12,,28,24,52,1,0
206,28/11/2024,SC DHfK Leipzig,ThSV Eisenach,31 - 36,12,,31,36,67,0,1
207,28/11/2024,TVB Stuttgart,Handball Sport Verein Hamburg,27 - 28,12,,27,28,55,0,0
208,25/11/2024,HSG Wetzlar,1. VfL Potsdam,26 - 18,11,,26,18,44,1,0
209,24/11/2024,Füchse Berlin,TVB Stuttgart,33 - 29,11,,33,29,62,1,1
210,24/11/2024,Handball Sport Verein Hamburg,HC Erlangen,28 - 27,11,,28,27,55,1,0
211,23/11/2024,SG Flensburg-Handewitt,TBV Lemgo Lippe,36 - 27,11,,36,27,63,1,1
212,23/11/2024,TSV Hannover-Burgdorf,SC Magdeburg,28 - 27,11,,28,27,55,1,0
213,23/11/2024,FRISCH AUF! Göppingen,Rhein-Neckar Löwen,30 - 36,11,,30,36,66,0,1
214,22/11/2024,VfL Gummersbach,THW Kiel,24 - 30,11,,24,30,54,0,0
215,22/11/2024,ThSV Eisenach,MT Melsungen,32 - 31,11,,32,31,63,1,1
216,21/11/2024,SG BBM Bietigheim,SC DHfK Leipzig,28 - 29,11,,28,29,57,0,0
217,18/11/2024,Handball Sport Verein Hamburg,Füchse Berlin,29 - 29,10,,29,29,58,0,0
218,17/11/2024,SC DHfK Leipzig,FRISCH AUF! Göppingen,27 - 25,10,,27,25,52,1,0
219,17/11/2024,HC Erlangen,HSG Wetzlar,22 - 25,10,,22,25,47,0,0
220,17/11/2024,1. VfL Potsdam,Rhein-Neckar Löwen,18 - 25,10,,18,25,43,0,0
221,17/11/2024,THW Kiel,SG Flensburg-Handewitt,33 - 37,10,,33,37,70,0,1
222,16/11/2024,MT Melsungen,SC Magdeburg,31 - 23,10,,31,23,54,1,0
223,16/11/2024,TBV Lemgo Lippe,ThSV Eisenach,31 - 28,10,,31,28,59,1,0
224,16/11/2024,SG BBM Bietigheim,TSV Hannover-Burgdorf,28 - 28,10,,28,28,56,0,0
225,03/11/2024,Füchse Berlin,THW Kiel,35 - 26,9,,35,26,61,1,1
226,03/11/2024,VfL Gummersbach,Handball Sport Verein Hamburg,33 - 29,9,,33,29,62,1,1
227,03/11/2024,SG Flensburg-Handewitt,SC DHfK Leipzig,35 - 29,9,,35,29,64,1,1
228,03/11/2024,SC Magdeburg,TBV Lemgo Lippe,30 - 27,9,,30,27,57,1,0
229,02/11/2024,MT Melsungen,HC Erlangen,32 - 27,9,,32,27,59,1,0
230,01/11/2024,Rhein-Neckar Löwen,ThSV Eisenach,32 - 36,9,,32,36,68,0,1
231,01/11/2024,FRISCH AUF! Göppingen,1. VfL Potsdam,30 - 25,9,,30,25,55,1,0
232,31/10/2024,TSV Hannover-Burgdorf,TVB Stuttgart,33 - 20,9,,33,20,53,1,0
233,31/10/2024,HSG Wetzlar,SG BBM Bietigheim,21 - 26,9,,21,26,47,0,0
234,28/10/2024,ThSV Eisenach,FRISCH AUF! Göppingen,35 - 25,8,,35,25,60,1,0
235,27/10/2024,TVB Stuttgart,SC Magdeburg,25 - 36,8,,25,36,61,0,1
236,27/10/2024,TBV Lemgo Lippe,Rhein-Neckar Löwen,34 - 31,8,,34,31,65,1,1
237,27/10/2024,SG BBM Bietigheim,Füchse Berlin,24 - 38,8,,24,38,62,0,1
238,26/10/2024,1. VfL Potsdam,VfL Gummersbach,26 - 28,8,,26,28,54,0,0
239,25/10/2024,HC Erlangen,THW Kiel,28 - 37,8,,28,37,65,0,1
240,25/10/2024,SG Flensburg-Handewitt,HSG Wetzlar,36 - 22,8,,36,22,58,1,0
241,24/10/2024,SC DHfK Leipzig,MT Melsungen,27 - 28,8,,27,28,55,0,0
242,24/10/2024,Handball Sport Verein Hamburg,TSV Hannover-Burgdorf,32 - 32,8,,32,32,64,0,1
243,20/10/2024,TBV Lemgo Lippe,TVB Stuttgart,28 - 24,7,,28,24,52,1,0
244,20/10/2024,SC Magdeburg,SC DHfK Leipzig,35 - 29,7,,35,29,64,1,1
245,20/10/2024,TSV Hannover-Burgdorf,SG Flensburg-Handewitt,31 - 30,7,,31,30,61,1,1
246,19/10/2024,THW Kiel,1. VfL Potsdam,27 - 23,7,,27,23,50,1,0
247,19/10/2024,MT Melsungen,Füchse Berlin,33 - 31,7,,33,31,64,1,1
248,18/10/2024,FRISCH AUF! Göppingen,SG BBM Bietigheim,30 - 25,7,,30,25,55,1,0
249,18/10/2024,VfL Gummersbach,ThSV Eisenach,34 - 32,7,,34,32,66,1,1
250,17/10/2024,HSG Wetzlar,Handball Sport Verein Hamburg,31 - 26,7,,31,26,57,1,0
251,17/10/2024,Rhein-Neckar Löwen,HC Erlangen,38 - 33,7,,38,33,71,1,1
252,14/10/2024,SC DHfK Leipzig,HC Erlangen,32 - 25,6,,32,25,57,1,0
253,13/10/2024,1. VfL Potsdam,TSV Hannover-Burgdorf,22 - 27,6,,22,27,49,0,0
254,13/10/2024,Füchse Berlin,Rhein-Neckar Löwen,34 - 27,6,,34,27,61,1,1
255,12/10/2024,SG Flensburg-Handewitt,SC Magdeburg,27 - 29,6,,27,29,56,0,0
256,12/10/2024,FRISCH AUF! Göppingen,VfL Gummersbach,24 - 24,6,,24,24,48,0,0
257,11/10/2024,ThSV Eisenach,HSG Wetzlar,30 - 22,6,,30,22,52,1,0
258,11/10/2024,Handball Sport Verein Hamburg,THW Kiel,25 - 31,6,,25,31,56,0,0
259,10/10/2024,SG BBM Bietigheim,TBV Lemgo Lippe,23 - 28,6,,23,28,51,0,0
260,10/10/2024,TVB Stuttgart,MT Melsungen,27 - 36,6,,27,36,63,0,1
261,07/10/2024,SC Magdeburg,FRISCH AUF! Göppingen,31 - 24,5,,31,24,55,1,0
262,07/10/2024,Rhein-Neckar Löwen,Handball Sport Verein Hamburg,30 - 27,5,,30,27,57,1,0
263,06/10/2024,HC Erlangen,1. VfL Potsdam,23 - 19,5,,23,19,42,1,0
264,06/10/2024,VfL Gummersbach,SG Flensburg-Handewitt,29 - 29,5,,29,29,58,0,0
265,06/10/2024,TBV Lemgo Lippe,SC DHfK Leipzig,33 - 28,5,,33,28,61,1,1
266,06/10/2024,HSG Wetzlar,Füchse Berlin,25 - 34,5,,25,34,59,0,0
267,05/10/2024,THW Kiel,TVB Stuttgart,29 - 24,5,,29,24,53,1,0
268,05/10/2024,TSV Hannover-Burgdorf,ThSV Eisenach,28 - 26,5,,28,26,54,1,0
269,05/10/2024,MT Melsungen,SG BBM Bietigheim,26 - 24,5,,26,24,50,1,0
270,29/09/2024,TVB Stuttgart,HSG Wetzlar,23 - 26,4,,23,26,49,0,0
271,29/09/2024,Füchse Berlin,HC Erlangen,30 - 27,4,,30,27,57,1,0
272,29/09/2024,SG BBM Bietigheim,VfL Gummersbach,30 - 32,4,,30,32,62,0,1
273,28/09/2024,Handball Sport Verein Hamburg,TBV Lemgo Lippe,30 - 26,4,,30,26,56,1,0
274,27/09/2024,ThSV Eisenach,SG Flensburg-Handewitt,25 - 30,4,,25,30,55,0,0
275,27/09/2024,FRISCH AUF! Göppingen,TSV Hannover-Burgdorf,31 - 33,4,,31,33,64,0,1
276,26/09/2024,SC DHfK Leipzig,Rhein-Neckar Löwen,28 - 27,4,,28,27,55,1,0
277,26/09/2024,THW Kiel,MT Melsungen,21 - 25,4,,21,25,46,0,0
278,25/09/2024,TVB Stuttgart,VfL Gummersbach,28 - 35,10,,28,35,63,0,1
279,22/09/2024,SC DHfK Leipzig,VfL Gummersbach,34 - 29,3,,34,29,63,1,1
280,22/09/2024,TSV Hannover-Burgdorf,Füchse Berlin,38 - 35,3,,38,35,73,1,1
281,22/09/2024,SC Magdeburg,THW Kiel,24 - 29,3,,24,29,53,0,0
282,21/09/2024,SG Flensburg-Handewitt,FRISCH AUF! Göppingen,37 - 32,3,,37,32,69,1,1
283,21/09/2024,Rhein-Neckar Löwen,MT Melsungen,31 - 26,3,,31,26,57,1,0
284,20/09/2024,1. VfL Potsdam,Handball Sport Verein Hamburg,30 - 31,3,,30,31,61,0,1
285,20/09/2024,HC Erlangen,TVB Stuttgart,25 - 26,3,,25,26,51,0,0
286,19/09/2024,TBV Lemgo Lippe,HSG Wetzlar,28 - 25,3,,28,25,53,1,0
287,19/09/2024,ThSV Eisenach,SG BBM Bietigheim,32 - 35,3,,32,35,67,0,1
288,15/09/2024,VfL Gummersbach,TBV Lemgo Lippe,27 - 29,2,,27,29,56,0,0
289,15/09/2024,TVB Stuttgart,SG Flensburg-Handewitt,25 - 39,2,,25,39,64,0,1
290,15/09/2024,Handball Sport Verein Hamburg,SC Magdeburg,26 - 32,2,,26,32,58,0,0
291,15/09/2024,HSG Wetzlar,TSV Hannover-Burgdorf,25 - 36,2,,25,36,61,0,1
292,15/09/2024,Füchse Berlin,SC DHfK Leipzig,37 - 32,2,,37,32,69,1,1
293,14/09/2024,SG BBM Bietigheim,Rhein-Neckar Löwen,25 - 33,2,,25,33,58,0,0
294,13/09/2024,HC Erlangen,ThSV Eisenach,24 - 28,2,,24,28,52,0,0
295,12/09/2024,MT Melsungen,1. VfL Potsdam,31 - 23,2,,31,23,54,1,0
296,12/09/2024,THW Kiel,FRISCH AUF! Göppingen,33 - 24,2,,33,24,57,1,0
297,08/09/2024,1. VfL Potsdam,SG BBM Bietigheim,26 - 28,1,,26,28,54,0,0
298,08/09/2024,SC DHfK Leipzig,TVB Stuttgart,33 - 24,1,,33,24,57,1,0
299,07/09/2024,ThSV Eisenach,Füchse Berlin,35 - 41,1,,35,41,76,0,1
300,07/09/2024,SC Magdeburg,HSG Wetzlar,35 - 28,1,,35,28,63,1,1
301,06/09/2024,SG Flensburg-Handewitt,HC Erlangen,42 - 28,1,,42,28,70,1,1
302,06/09/2024,FRISCH AUF! Göppingen,Handball Sport Verein Hamburg,25 - 25,1,,25,25,50,0,0
303,05/09/2024,Rhein-Neckar Löwen,THW Kiel,32 - 27,1,,32,27,59,1,0
304,05/09/2024,TSV Hannover-Burgdorf,VfL Gummersbach,28 - 32,1,,28,32,60,0,0
305,05/09/2024,TBV Lemgo Lippe,MT Melsungen,20 - 28,1,,20,28,48,0,0
306,02/06/2024,MT Melsungen,THW Kiel,23 - 23,34,,23,23,46,0,0
307,02/06/2024,TSV Hannover-Burgdorf,HC Erlangen,27 - 23,34,,27,23,50,1,0
308,02/06/2024,SC DHfK Leipzig,Rhein-Neckar Löwen,29 - 24,34,,29,24,53,1,0
309,02/06/2024,HBW Balingen-Weilstetten,Handball Sport Verein Hamburg,37 - 30,34,,37,30,67,1,1
310,02/06/2024,SC Magdeburg,HSG Wetzlar,37 - 34,34,,37,34,71,1,1
311,02/06/2024,Bergischer HC,SG Flensburg-Handewitt,30 - 40,34,,30,40,70,0,1
312,02/06/2024,TVB Stuttgart,TBV Lemgo Lippe,29 - 27,34,,29,27,56,1,0
313,02/06/2024,VfL Gummersbach,FRISCH AUF! Göppingen,33 - 32,34,,33,32,65,1,1
314,02/06/2024,ThSV Eisenach,Füchse Berlin,27 - 31,34,,27,31,58,0,0
315,30/05/2024,Rhein-Neckar Löwen,SC Magdeburg,21 - 34,33,,21,34,55,0,0
316,30/05/2024,SG Flensburg-Handewitt,VfL Gummersbach,28 - 34,33,,28,34,62,0,1
317,30/05/2024,Füchse Berlin,Bergischer HC,29 - 30,33,,29,30,59,0,0
318,29/05/2024,TBV Lemgo Lippe,HBW Balingen-Weilstetten,37 - 27,33,,37,27,64,1,1
319,29/05/2024,THW Kiel,SC DHfK Leipzig,37 - 28,33,,37,28,65,1,1
320,29/05/2024,HSG Wetzlar,TSV Hannover-Burgdorf,32 - 32,33,,32,32,64,0,1
321,29/05/2024,FRISCH AUF! Göppingen,MT Melsungen,22 - 32,33,,22,32,54,0,0
322,29/05/2024,HC Erlangen,TVB Stuttgart,26 - 23,33,,26,23,49,1,0
323,29/05/2024,Handball Sport Verein Hamburg,ThSV Eisenach,33 - 29,33,,33,29,62,1,1
324,26/05/2024,VfL Gummersbach,THW Kiel,40 - 29,19,,40,29,69,1,1
325,26/05/2024,SC Magdeburg,SC DHfK Leipzig,30 - 28,23,,30,28,58,1,0
326,23/05/2024,SC Magdeburg,HBW Balingen-Weilstetten,43 - 29,30,,43,29,72,1,1
327,20/05/2024,THW Kiel,FRISCH AUF! Göppingen,32 - 27,32,,32,27,59,1,0
328,19/05/2024,VfL Gummersbach,Rhein-Neckar Löwen,31 - 26,32,,31,26,57,1,0
329,19/05/2024,Bergischer HC,TBV Lemgo Lippe,31 - 31,32,,31,31,62,0,1
330,18/05/2024,TSV Hannover-Burgdorf,Füchse Berlin,25 - 28,32,,25,28,53,0,0
331,18/05/2024,ThSV Eisenach,SG Flensburg-Handewitt,28 - 27,32,,28,27,55,1,0
332,18/05/2024,SC DHfK Leipzig,Handball Sport Verein Hamburg,39 - 27,32,,39,27,66,1,1
333,18/05/2024,HC Erlangen,SC Magdeburg,27 - 32,12,,27,32,59,0,0
334,17/05/2024,TVB Stuttgart,HBW Balingen-Weilstetten,30 - 27,32,,30,27,57,1,0
335,17/05/2024,MT Melsungen,HSG Wetzlar,21 - 23,32,,21,23,44,0,0
336,16/05/2024,THW Kiel,Rhein-Neckar Löwen,26 - 30,30,,26,30,56,0,0
337,15/05/2024,Handball Sport Verein Hamburg,SG Flensburg-Handewitt,30 - 41,20,,30,41,71,0,1
338,05/05/2024,HSG Wetzlar,THW Kiel,27 - 29,31,,27,29,56,0,0
339,05/05/2024,Füchse Berlin,VfL Gummersbach,29 - 26,31,,29,26,55,1,0
340,05/05/2024,TBV Lemgo Lippe,SC Magdeburg,28 - 34,31,,28,34,62,0,1
341,04/05/2024,Rhein-Neckar Löwen,TSV Hannover-Burgdorf,27 - 29,31,,27,29,56,0,0
342,04/05/2024,SG Flensburg-Handewitt,TVB Stuttgart,39 - 31,31,,39,31,70,1,1
343,03/05/2024,HBW Balingen-Weilstetten,ThSV Eisenach,21 - 34,31,,21,34,55,0,0
344,03/05/2024,FRISCH AUF! Göppingen,SC DHfK Leipzig,27 - 30,31,,27,30,57,0,0
345,02/05/2024,Handball Sport Verein Hamburg,Bergischer HC,32 - 30,31,,32,30,62,1,1
346,01/05/2024,HC Erlangen,MT Melsungen,31 - 31,31,,31,31,62,0,1
347,28/04/2024,Bergischer HC,HC Erlangen,28 - 25,30,,28,25,53,1,0
348,28/04/2024,TVB Stuttgart,Handball Sport Verein Hamburg,35 - 26,30,,35,26,61,1,1
349,27/04/2024,MT Melsungen,Füchse Berlin,30 - 28,30,,30,28,58,1,0
350,27/04/2024,VfL Gummersbach,HSG Wetzlar,35 - 28,30,,35,28,63,1,1
351,26/04/2024,SC DHfK Leipzig,SG Flensburg-Handewitt,32 - 35,30,,32,35,67,0,1
352,26/04/2024,ThSV Eisenach,TBV Lemgo Lippe,25 - 30,30,,25,30,55,0,0
353,26/04/2024,TSV Hannover-Burgdorf,FRISCH AUF! Göppingen,33 - 26,30,,33,26,59,1,0
354,21/04/2024,HC Erlangen,SC DHfK Leipzig,26 - 29,29,,26,29,55,0,0
355,21/04/2024,Handball Sport Verein Hamburg,VfL Gummersbach,33 - 33,29,,33,33,66,0,1
356,21/04/2024,Füchse Berlin,THW Kiel,32 - 32,29,,32,32,64,0,1
357,20/04/2024,ThSV Eisenach,TVB Stuttgart,33 - 28,29,,33,28,61,1,1
358,19/04/2024,SG Flensburg-Handewitt,SC Magdeburg,29 - 32,29,,29,32,61,0,1
359,19/04/2024,HBW Balingen-Weilstetten,Bergischer HC,21 - 25,29,,21,25,46,0,0
360,18/04/2024,FRISCH AUF! Göppingen,HSG Wetzlar,32 - 27,29,,32,27,59,1,0
361,18/04/2024,TBV Lemgo Lippe,TSV Hannover-Burgdorf,28 - 23,29,,28,23,51,1,0
362,18/04/2024,Rhein-Neckar Löwen,MT Melsungen,23 - 28,29,,23,28,51,0,0
363,12/04/2024,SC DHfK Leipzig,TSV Hannover-Burgdorf,26 - 27,21,,26,27,53,0,0
364,12/04/2024,Handball Sport Verein Hamburg,THW Kiel,28 - 28,25,,28,28,56,0,0
365,12/04/2024,Rhein-Neckar Löwen,Bergischer HC,35 - 29,20,,35,29,64,1,1
366,07/04/2024,SC Magdeburg,TVB Stuttgart,40 - 31,28,,40,31,71,1,1
367,07/04/2024,Bergischer HC,ThSV Eisenach,27 - 30,28,,27,30,57,0,0
368,07/04/2024,HSG Wetzlar,Rhein-Neckar Löwen,30 - 27,28,,30,27,57,1,0
369,07/04/2024,SC DHfK Leipzig,TBV Lemgo Lippe,29 - 28,28,,29,28,57,1,0
370,06/04/2024,MT Melsungen,SG Flensburg-Handewitt,25 - 25,28,,25,25,50,0,0
371,06/04/2024,THW Kiel,HC Erlangen,31 - 27,28,,31,27,58,1,0
372,05/04/2024,TSV Hannover-Burgdorf,Handball Sport Verein Hamburg,25 - 26,28,,25,26,51,0,0
373,05/04/2024,VfL Gummersbach,HBW Balingen-Weilstetten,33 - 25,28,,33,25,58,1,0
374,04/04/2024,FRISCH AUF! Göppingen,Füchse Berlin,27 - 32,28,,27,32,59,0,0
375,01/04/2024,Handball Sport Verein Hamburg,MT Melsungen,29 - 22,27,,29,22,51,1,0
376,31/03/2024,TBV Lemgo Lippe,THW Kiel,27 - 28,27,,27,28,55,0,0
377,31/03/2024,Rhein-Neckar Löwen,FRISCH AUF! Göppingen,33 - 29,27,,33,29,62,1,1
378,31/03/2024,ThSV Eisenach,SC Magdeburg,25 - 35,27,,25,35,60,0,0
379,31/03/2024,HC Erlangen,VfL Gummersbach,31 - 34,27,,31,34,65,0,1
380,31/03/2024,Füchse Berlin,HSG Wetzlar,32 - 30,27,,32,30,62,1,1
381,30/03/2024,SG Flensburg-Handewitt,TSV Hannover-Burgdorf,31 - 28,27,,31,28,59,1,0
382,30/03/2024,HBW Balingen-Weilstetten,SC DHfK Leipzig,17 - 25,27,,17,25,42,0,0
383,28/03/2024,TVB Stuttgart,Bergischer HC,27 - 26,27,,27,26,53,1,0
384,24/03/2024,FRISCH AUF! Göppingen,HC Erlangen,32 - 29,26,,32,29,61,1,1
385,24/03/2024,SC DHfK Leipzig,ThSV Eisenach,29 - 31,26,,29,31,60,0,0
386,24/03/2024,VfL Gummersbach,TVB Stuttgart,35 - 27,26,,35,27,62,1,1
387,24/03/2024,Füchse Berlin,HBW Balingen-Weilstetten,35 - 34,20,,35,34,69,1,1
388,24/03/2024,Bergischer HC,SC Magdeburg,27 - 30,26,,27,30,57,0,0
389,23/03/2024,HSG Wetzlar,Handball Sport Verein Hamburg,25 - 27,26,,25,27,52,0,0
390,23/03/2024,THW Kiel,SG Flensburg-Handewitt,26 - 33,26,,26,33,59,0,0
391,22/03/2024,MT Melsungen,TBV Lemgo Lippe,26 - 25,26,,26,25,51,1,0
392,21/03/2024,Rhein-Neckar Löwen,Füchse Berlin,28 - 36,26,,28,36,64,0,1
393,21/03/2024,TSV Hannover-Burgdorf,HBW Balingen-Weilstetten,35 - 26,26,,35,26,61,1,1
394,21/03/2024,SC Magdeburg,HC Erlangen,27 - 22,32,,27,22,49,1,0
395,10/03/2024,Bergischer HC,VfL Gummersbach,24 - 31,25,,24,31,55,0,0
396,10/03/2024,SC Magdeburg,Füchse Berlin,31 - 28,25,,31,28,59,1,0
397,10/03/2024,SG Flensburg-Handewitt,FRISCH AUF! Göppingen,35 - 30,25,,35,30,65,1,1
398,09/03/2024,HC Erlangen,Rhein-Neckar Löwen,28 - 23,25,,28,23,51,1,0
399,08/03/2024,ThSV Eisenach,TSV Hannover-Burgdorf,31 - 31,25,,31,31,62,0,1
400,08/03/2024,HBW Balingen-Weilstetten,MT Melsungen,22 - 25,25,,22,25,47,0,0
401,07/03/2024,TBV Lemgo Lippe,HSG Wetzlar,31 - 23,25,,31,23,54,1,0
402,07/03/2024,TVB Stuttgart,SC DHfK Leipzig,25 - 27,25,,25,27,52,0,0
403,04/03/2024,FRISCH AUF! Göppingen,TBV Lemgo Lippe,26 - 32,24,,26,32,58,0,0
404,03/03/2024,SC DHfK Leipzig,MT Melsungen,32 - 27,20,,32,27,59,1,0
405,03/03/2024,Füchse Berlin,HC Erlangen,39 - 32,24,,39,32,71,1,1
406,02/03/2024,VfL Gummersbach,SC Magdeburg,30 - 38,24,,30,38,68,0,1
407,02/03/2024,HSG Wetzlar,SG Flensburg-Handewitt,30 - 31,24,,30,31,61,0,1
408,02/03/2024,THW Kiel,HBW Balingen-Weilstetten,36 - 29,24,,36,29,65,1,1
409,29/02/2024,SC DHfK Leipzig,Bergischer HC,33 - 22,24,,33,22,55,1,0
410,29/02/2024,TSV Hannover-Burgdorf,TVB Stuttgart,33 - 30,24,,33,30,63,1,1
411,29/02/2024,MT Melsungen,ThSV Eisenach,27 - 26,24,,27,26,53,1,0
412,29/02/2024,Rhein-Neckar Löwen,Handball Sport Verein Hamburg,34 - 36,24,,34,36,70,0,1
413,25/02/2024,Handball Sport Verein Hamburg,FRISCH AUF! Göppingen,33 - 31,23,,33,31,64,1,1
414,25/02/2024,THW Kiel,ThSV Eisenach,31 - 27,23,,31,27,58,1,0
415,25/02/2024,SG Flensburg-Handewitt,Füchse Berlin,31 - 31,23,,31,31,62,0,1
416,24/02/2024,HBW Balingen-Weilstetten,Rhein-Neckar Löwen,31 - 33,23,,31,33,64,0,1
417,24/02/2024,HC Erlangen,HSG Wetzlar,26 - 27,23,,26,27,53,0,0
418,24/02/2024,Bergischer HC,TSV Hannover-Burgdorf,26 - 29,23,,26,29,55,0,0
419,23/02/2024,TBV Lemgo Lippe,VfL Gummersbach,23 - 26,23,,23,26,49,0,0
420,22/02/2024,TVB Stuttgart,MT Melsungen,33 - 31,23,,33,31,64,1,1
421,19/02/2024,VfL Gummersbach,SC DHfK Leipzig,30 - 29,22,,30,29,59,1,0
422,18/02/2024,THW Kiel,TVB Stuttgart,39 - 36,22,,39,36,75,1,1
423,18/02/2024,Rhein-Neckar Löwen,SG Flensburg-Handewitt,26 - 35,22,,26,35,61,0,1
424,18/02/2024,TSV Hannover-Burgdorf,SC Magdeburg,28 - 27,22,,28,27,55,1,0
425,17/02/2024,Füchse Berlin,TBV Lemgo Lippe,30 - 26,22,,30,26,56,1,0
426,16/02/2024,MT Melsungen,Bergischer HC,31 - 26,22,,31,26,57,1,0
427,16/02/2024,HC Erlangen,Handball Sport Verein Hamburg,30 - 28,22,,30,28,58,1,0
428,15/02/2024,FRISCH AUF! Göppingen,ThSV Eisenach,35 - 31,22,,35,31,66,1,1
429,15/02/2024,HSG Wetzlar,HBW Balingen-Weilstetten,16 - 21,22,,16,21,37,0,0
430,11/02/2024,TBV Lemgo Lippe,Rhein-Neckar Löwen,33 - 25,21,,33,25,58,1,0
431,11/02/2024,SC Magdeburg,MT Melsungen,39 - 24,21,,39,24,63,1,1
432,11/02/2024,SG Flensburg-Handewitt,HC Erlangen,32 - 25,21,,32,25,57,1,0
433,11/02/2024,TVB Stuttgart,HSG Wetzlar,30 - 25,21,,30,25,55,1,0
434,11/02/2024,Handball Sport Verein Hamburg,Füchse Berlin,30 - 32,21,,30,32,62,0,1
435,11/02/2024,Bergischer HC,THW Kiel,25 - 29,21,,25,29,54,0,0
436,10/02/2024,HBW Balingen-Weilstetten,FRISCH AUF! Göppingen,30 - 29,21,,30,29,59,1,0
437,10/02/2024,ThSV Eisenach,VfL Gummersbach,24 - 26,21,,24,26,50,0,0
438,08/02/2024,Füchse Berlin,SG Flensburg-Handewitt,32 - 31,12,,32,31,63,1,1
439,08/02/2024,HC Erlangen,TBV Lemgo Lippe,26 - 25,20,,26,25,51,1,0
440,07/02/2024,THW Kiel,SC Magdeburg,26 - 33,20,,26,33,59,0,0
441,07/02/2024,TSV Hannover-Burgdorf,VfL Gummersbach,32 - 29,20,,32,29,61,1,1
442,07/02/2024,FRISCH AUF! Göppingen,TVB Stuttgart,25 - 25,20,,25,25,50,0,0
443,07/02/2024,HSG Wetzlar,ThSV Eisenach,31 - 30,20,,31,30,61,1,1
444,23/12/2023,ThSV Eisenach,HC Erlangen,28 - 26,19,,28,26,54,1,0
445,23/12/2023,Bergischer HC,HSG Wetzlar,23 - 28,19,,23,28,51,0,0
446,23/12/2023,TVB Stuttgart,Rhein-Neckar Löwen,32 - 31,19,,32,31,63,1,1
447,23/12/2023,TBV Lemgo Lippe,Handball Sport Verein Hamburg,34 - 34,19,,34,34,68,0,1
448,22/12/2023,TSV Hannover-Burgdorf,MT Melsungen,30 - 34,19,,30,34,64,0,1
449,22/12/2023,Füchse Berlin,SC DHfK Leipzig,37 - 28,19,,37,28,65,1,1
450,22/12/2023,HBW Balingen-Weilstetten,SG Flensburg-Handewitt,32 - 34,19,,32,34,66,0,1
451,22/12/2023,SC Magdeburg,FRISCH AUF! Göppingen,31 - 27,19,,31,27,58,1,0
452,20/12/2023,THW Kiel,TSV Hannover-Burgdorf,34 - 20,18,,34,20,54,1,0
453,20/12/2023,MT Melsungen,VfL Gummersbach,26 - 25,18,,26,25,51,1,0
454,20/12/2023,FRISCH AUF! Göppingen,Bergischer HC,31 - 28,18,,31,28,59,1,0
455,20/12/2023,HSG Wetzlar,SC DHfK Leipzig,30 - 27,18,,30,27,57,1,0
456,20/12/2023,Rhein-Neckar Löwen,ThSV Eisenach,26 - 27,18,,26,27,53,0,0
457,19/12/2023,SG Flensburg-Handewitt,TBV Lemgo Lippe,34 - 29,18,,34,29,63,1,1
458,19/12/2023,Füchse Berlin,TVB Stuttgart,32 - 27,18,,32,27,59,1,0
459,19/12/2023,Handball Sport Verein Hamburg,SC Magdeburg,28 - 43,18,,28,43,71,0,1
460,19/12/2023,HC Erlangen,HBW Balingen-Weilstetten,22 - 22,18,,22,22,44,0,0
461,17/12/2023,TSV Hannover-Burgdorf,Bergischer HC,37 - 28,17,,37,28,65,1,1
462,17/12/2023,SC DHfK Leipzig,VfL Gummersbach,32 - 35,17,,32,35,67,0,1
463,16/12/2023,Handball Sport Verein Hamburg,HBW Balingen-Weilstetten,28 - 28,17,,28,28,56,0,0
464,16/12/2023,FRISCH AUF! Göppingen,SG Flensburg-Handewitt,32 - 31,17,,32,31,63,1,1
465,16/12/2023,TBV Lemgo Lippe,Füchse Berlin,29 - 32,17,,29,32,61,0,1
466,16/12/2023,HSG Wetzlar,MT Melsungen,28 - 27,17,,28,27,55,1,0
467,16/12/2023,SC Magdeburg,Rhein-Neckar Löwen,38 - 24,17,,38,24,62,1,1
468,15/12/2023,ThSV Eisenach,THW Kiel,32 - 40,17,,32,40,72,0,1
469,15/12/2023,TVB Stuttgart,HC Erlangen,29 - 30,17,,29,30,59,0,0
470,10/12/2023,Bergischer HC,TVB Stuttgart,33 - 28,16,,33,28,61,1,1
471,10/12/2023,MT Melsungen,SC Magdeburg,29 - 29,16,,29,29,58,0,0
472,10/12/2023,Füchse Berlin,FRISCH AUF! Göppingen,29 - 29,16,,29,29,58,0,0
473,10/12/2023,HBW Balingen-Weilstetten,TSV Hannover-Burgdorf,25 - 29,16,,25,29,54,0,0
474,09/12/2023,HC Erlangen,THW Kiel,27 - 31,16,,27,31,58,0,0
475,09/12/2023,Rhein-Neckar Löwen,TBV Lemgo Lippe,34 - 34,16,,34,34,68,0,1
476,08/12/2023,ThSV Eisenach,SC DHfK Leipzig,25 - 24,16,,25,24,49,1,0
477,08/12/2023,SG Flensburg-Handewitt,HSG Wetzlar,33 - 26,16,,33,26,59,1,0
478,07/12/2023,VfL Gummersbach,Handball Sport Verein Hamburg,24 - 23,16,,24,23,47,1,0
479,03/12/2023,SC Magdeburg,VfL Gummersbach,32 - 30,15,,32,30,62,1,1
480,03/12/2023,THW Kiel,Bergischer HC,39 - 30,15,,39,30,69,1,1
481,03/12/2023,SC DHfK Leipzig,HC Erlangen,20 - 19,15,,20,19,39,1,0
482,02/12/2023,Handball Sport Verein Hamburg,Rhein-Neckar Löwen,32 - 36,15,,32,36,68,0,1
483,02/12/2023,TVB Stuttgart,TSV Hannover-Burgdorf,32 - 28,15,,32,28,60,1,0
484,01/12/2023,SG Flensburg-Handewitt,MT Melsungen,34 - 24,15,,34,24,58,1,0
485,01/12/2023,HSG Wetzlar,Füchse Berlin,30 - 36,15,,30,36,66,0,1
486,30/11/2023,FRISCH AUF! Göppingen,HBW Balingen-Weilstetten,32 - 28,15,,32,28,60,1,0
487,30/11/2023,TBV Lemgo Lippe,ThSV Eisenach,26 - 24,15,,26,24,50,1,0
488,26/11/2023,Füchse Berlin,Handball Sport Verein Hamburg,37 - 31,14,,37,31,68,1,1
489,26/11/2023,Rhein-Neckar Löwen,HSG Wetzlar,26 - 21,14,,26,21,47,1,0
490,26/11/2023,HBW Balingen-Weilstetten,SC Magdeburg,28 - 34,14,,28,34,62,0,1
491,26/11/2023,TVB Stuttgart,THW Kiel,31 - 36,14,,31,36,67,0,1
492,25/11/2023,VfL Gummersbach,SG Flensburg-Handewitt,32 - 42,14,,32,42,74,0,1
493,25/11/2023,TSV Hannover-Burgdorf,TBV Lemgo Lippe,34 - 32,14,,34,32,66,1,1
494,24/11/2023,HC Erlangen,FRISCH AUF! Göppingen,28 - 26,14,,28,26,54,1,0
495,24/11/2023,ThSV Eisenach,MT Melsungen,24 - 27,14,,24,27,51,0,0
496,23/11/2023,Bergischer HC,SC DHfK Leipzig,31 - 31,14,,31,31,62,0,1
497,20/11/2023,HSG Wetzlar,VfL Gummersbach,33 - 31,13,,33,31,64,1,1
498,19/11/2023,THW Kiel,Füchse Berlin,30 - 26,13,,30,26,56,1,0
499,19/11/2023,SC Magdeburg,ThSV Eisenach,38 - 31,13,,38,31,69,1,1
500,19/11/2023,MT Melsungen,HBW Balingen-Weilstetten,26 - 24,13,,26,24,50,1,0
501,18/11/2023,SG Flensburg-Handewitt,Rhein-Neckar Löwen,33 - 25,13,,33,25,58,1,0
502,17/11/2023,Handball Sport Verein Hamburg,HC Erlangen,31 - 23,13,,31,23,54,1,0
503,17/11/2023,FRISCH AUF! Göppingen,TSV Hannover-Burgdorf,32 - 25,13,,32,25,57,1,0
504,16/11/2023,SC DHfK Leipzig,TVB Stuttgart,36 - 30,13,,36,30,66,1,1
505,16/11/2023,TBV Lemgo Lippe,Bergischer HC,31 - 28,13,,31,28,59,1,0
506,13/11/2023,HBW Balingen-Weilstetten,TBV Lemgo Lippe,26 - 30,12,,26,30,56,0,0
507,12/11/2023,VfL Gummersbach,MT Melsungen,37 - 31,12,,37,31,68,1,1
508,12/11/2023,Rhein-Neckar Löwen,THW Kiel,25 - 31,3,,25,31,56,0,0
509,11/11/2023,Bergischer HC,Handball Sport Verein Hamburg,29 - 28,12,,29,28,57,1,0
510,10/11/2023,TVB Stuttgart,FRISCH AUF! Göppingen,31 - 29,12,,31,29,60,1,0
511,10/11/2023,ThSV Eisenach,HSG Wetzlar,23 - 27,12,,23,27,50,0,0
512,09/11/2023,TSV Hannover-Burgdorf,THW Kiel,36 - 33,12,,36,33,69,1,1
513,09/11/2023,Rhein-Neckar Löwen,SC DHfK Leipzig,32 - 28,12,,32,28,60,1,0
514,29/10/2023,SC Magdeburg,Bergischer HC,40 - 28,11,,40,28,68,1,1
515,29/10/2023,HSG Wetzlar,TVB Stuttgart,31 - 31,7,,31,31,62,0,1
516,29/10/2023,FRISCH AUF! Göppingen,THW Kiel,27 - 34,11,,27,34,61,0,1
517,29/10/2023,SC DHfK Leipzig,HBW Balingen-Weilstetten,26 - 25,11,,26,25,51,1,0
518,28/10/2023,SG Flensburg-Handewitt,ThSV Eisenach,35 - 28,11,,35,28,63,1,1
519,28/10/2023,MT Melsungen,Rhein-Neckar Löwen,30 - 23,11,,30,23,53,1,0
520,27/10/2023,VfL Gummersbach,Füchse Berlin,30 - 30,11,,30,30,60,0,0
521,27/10/2023,Handball Sport Verein Hamburg,TSV Hannover-Burgdorf,28 - 30,11,,28,30,58,0,0
522,26/10/2023,TBV Lemgo Lippe,TVB Stuttgart,31 - 25,11,,31,25,56,1,0
523,26/10/2023,HSG Wetzlar,HC Erlangen,26 - 31,11,,26,31,57,0,0
524,22/10/2023,Rhein-Neckar Löwen,VfL Gummersbach,28 - 26,10,,28,26,54,1,0
525,22/10/2023,TVB Stuttgart,SC Magdeburg,25 - 31,10,,25,31,56,0,0
526,22/10/2023,THW Kiel,TBV Lemgo Lippe,33 - 29,10,,33,29,62,1,1
527,21/10/2023,Bergischer HC,FRISCH AUF! Göppingen,33 - 30,10,,33,30,63,1,1
528,21/10/2023,HC Erlangen,SG Flensburg-Handewitt,22 - 27,10,,22,27,49,0,0
529,20/10/2023,ThSV Eisenach,Handball Sport Verein Hamburg,28 - 32,10,,28,32,60,0,0
530,20/10/2023,TSV Hannover-Burgdorf,SC DHfK Leipzig,25 - 25,10,,25,25,50,0,0
531,20/10/2023,HBW Balingen-Weilstetten,HSG Wetzlar,27 - 30,10,,27,30,57,0,0
532,19/10/2023,Füchse Berlin,MT Melsungen,37 - 31,10,,37,31,68,1,1
533,16/10/2023,MT Melsungen,HC Erlangen,32 - 25,9,,32,25,57,1,0
534,15/10/2023,TBV Lemgo Lippe,FRISCH AUF! Göppingen,21 - 26,9,,21,26,47,0,0
535,15/10/2023,SG Flensburg-Handewitt,HBW Balingen-Weilstetten,32 - 28,9,,32,28,60,1,0
536,15/10/2023,SC Magdeburg,TSV Hannover-Burgdorf,31 - 29,9,,31,29,60,1,0
537,14/10/2023,SC DHfK Leipzig,THW Kiel,35 - 34,9,,35,34,69,1,1
538,13/10/2023,VfL Gummersbach,ThSV Eisenach,37 - 31,9,,37,31,68,1,1
539,13/10/2023,HSG Wetzlar,Bergischer HC,28 - 32,9,,28,32,60,0,0
540,12/10/2023,Füchse Berlin,Rhein-Neckar Löwen,38 - 32,9,,38,32,70,1,1
541,12/10/2023,Handball Sport Verein Hamburg,TVB Stuttgart,31 - 36,9,,31,36,67,0,1
542,11/10/2023,SG Flensburg-Handewitt,SC DHfK Leipzig,34 - 24,3,,34,24,58,1,0
543,09/10/2023,ThSV Eisenach,Rhein-Neckar Löwen,29 - 26,8,,29,26,55,1,0
544,08/10/2023,TVB Stuttgart,SG Flensburg-Handewitt,34 - 31,8,,34,31,65,1,1
545,08/10/2023,TSV Hannover-Burgdorf,HSG Wetzlar,30 - 33,8,,30,33,63,0,1
546,08/10/2023,TBV Lemgo Lippe,SC DHfK Leipzig,22 - 28,8,,22,28,50,0,0
547,08/10/2023,THW Kiel,Handball Sport Verein Hamburg,34 - 23,8,,34,23,57,1,0
548,07/10/2023,HC Erlangen,Füchse Berlin,27 - 35,8,,27,35,62,0,1
549,07/10/2023,Bergischer HC,MT Melsungen,32 - 31,8,,32,31,63,1,1
550,07/10/2023,FRISCH AUF! Göppingen,SC Magdeburg,26 - 27,8,,26,27,53,0,0
551,07/10/2023,HBW Balingen-Weilstetten,VfL Gummersbach,31 - 34,8,,31,34,65,0,1
552,01/10/2023,SC DHfK Leipzig,FRISCH AUF! Göppingen,33 - 35,7,,33,35,68,0,1
553,01/10/2023,Füchse Berlin,ThSV Eisenach,37 - 29,7,,37,29,66,1,1
554,01/10/2023,Rhein-Neckar Löwen,TVB Stuttgart,32 - 24,1,,32,24,56,1,0
555,30/09/2023,SC Magdeburg,THW Kiel,34 - 31,7,,34,31,65,1,1
556,29/09/2023,MT Melsungen,TSV Hannover-Burgdorf,34 - 26,7,,34,26,60,1,0
557,29/09/2023,Handball Sport Verein Hamburg,TBV Lemgo Lippe,37 - 33,7,,37,33,70,1,1
558,28/09/2023,VfL Gummersbach,HC Erlangen,33 - 28,7,,33,28,61,1,1
559,28/09/2023,SG Flensburg-Handewitt,Bergischer HC,33 - 28,7,,33,28,61,1,1
560,28/09/2023,Rhein-Neckar Löwen,HBW Balingen-Weilstetten,25 - 21,7,,25,21,46,1,0
561,25/09/2023,TVB Stuttgart,VfL Gummersbach,29 - 31,6,,29,31,60,0,0
562,24/09/2023,TBV Lemgo Lippe,MT Melsungen,25 - 28,6,,25,28,53,0,0
563,24/09/2023,SC DHfK Leipzig,SC Magdeburg,27 - 27,6,,27,27,54,0,0
564,24/09/2023,Handball Sport Verein Hamburg,HSG Wetzlar,30 - 25,2,,30,25,55,1,0
565,23/09/2023,HC Erlangen,ThSV Eisenach,28 - 23,6,,28,23,51,1,0
566,23/09/2023,Bergischer HC,Rhein-Neckar Löwen,29 - 31,6,,29,31,60,0,0
567,22/09/2023,TSV Hannover-Burgdorf,SG Flensburg-Handewitt,26 - 26,6,,26,26,52,0,0
568,22/09/2023,HBW Balingen-Weilstetten,Füchse Berlin,26 - 37,6,,26,37,63,0,1
569,21/09/2023,FRISCH AUF! Göppingen,Handball Sport Verein Hamburg,27 - 32,6,,27,32,59,0,0
570,18/09/2023,Rhein-Neckar Löwen,HC Erlangen,34 - 24,5,,34,24,58,1,0
571,17/09/2023,SC Magdeburg,TBV Lemgo Lippe,35 - 28,5,,35,28,63,1,1
572,17/09/2023,HSG Wetzlar,FRISCH AUF! Göppingen,29 - 24,5,,29,24,53,1,0
573,17/09/2023,Füchse Berlin,TSV Hannover-Burgdorf,34 - 33,5,,34,33,67,1,1
574,16/09/2023,Handball Sport Verein Hamburg,SC DHfK Leipzig,35 - 34,5,,35,34,69,1,1
575,15/09/2023,ThSV Eisenach,HBW Balingen-Weilstetten,28 - 28,5,,28,28,56,0,0
576,15/09/2023,MT Melsungen,TVB Stuttgart,35 - 27,5,,35,27,62,1,1
577,14/09/2023,VfL Gummersbach,Bergischer HC,27 - 33,5,,27,33,60,0,0
578,11/09/2023,TBV Lemgo Lippe,SG Flensburg-Handewitt,31 - 31,4,,31,31,62,0,1
579,10/09/2023,TVB Stuttgart,ThSV Eisenach,28 - 22,4,,28,22,50,1,0
580,10/09/2023,SC Magdeburg,Handball Sport Verein Hamburg,35 - 24,4,,35,24,59,1,0
581,10/09/2023,TSV Hannover-Burgdorf,Rhein-Neckar Löwen,34 - 29,4,,34,29,63,1,1
582,10/09/2023,SC DHfK Leipzig,HSG Wetzlar,36 - 30,4,,36,30,66,1,1
583,10/09/2023,THW Kiel,MT Melsungen,30 - 35,4,,30,35,65,0,1
584,10/09/2023,Bergischer HC,Füchse Berlin,30 - 34,4,,30,34,64,0,1
585,09/09/2023,HBW Balingen-Weilstetten,HC Erlangen,25 - 27,4,,25,27,52,0,0
586,09/09/2023,FRISCH AUF! Göppingen,VfL Gummersbach,32 - 29,4,,32,29,61,1,1
587,07/09/2023,HSG Wetzlar,TBV Lemgo Lippe,24 - 27,3,,24,27,51,0,0
588,07/09/2023,SG Flensburg-Handewitt,THW Kiel,28 - 27,5,,28,27,55,1,0
589,07/09/2023,MT Melsungen,Handball Sport Verein Hamburg,33 - 26,3,,33,26,59,1,0
590,06/09/2023,Füchse Berlin,SC Magdeburg,31 - 26,3,,31,26,57,1,0
591,06/09/2023,HC Erlangen,Bergischer HC,28 - 27,3,,28,27,55,1,0
592,06/09/2023,VfL Gummersbach,TSV Hannover-Burgdorf,33 - 33,3,,33,33,66,0,1
593,06/09/2023,ThSV Eisenach,FRISCH AUF! Göppingen,27 - 24,3,,27,24,51,1,0
594,05/09/2023,HBW Balingen-Weilstetten,TVB Stuttgart,29 - 28,3,,29,28,57,1,0
595,03/09/2023,SC Magdeburg,SG Flensburg-Handewitt,31 - 29,2,,31,29,60,1,0
596,03/09/2023,THW Kiel,HSG Wetzlar,33 - 22,6,,33,22,55,1,0
597,03/09/2023,TBV Lemgo Lippe,HC Erlangen,28 - 27,2,,28,27,55,1,0
598,02/09/2023,MT Melsungen,SC DHfK Leipzig,28 - 27,2,,28,27,55,1,0
599,01/09/2023,TVB Stuttgart,Füchse Berlin,29 - 30,2,,29,30,59,0,0
600,01/09/2023,Bergischer HC,HBW Balingen-Weilstetten,27 - 28,2,,27,28,55,0,0
601,31/08/2023,FRISCH AUF! Göppingen,Rhein-Neckar Löwen,27 - 27,2,,27,27,54,0,0
602,31/08/2023,TSV Hannover-Burgdorf,ThSV Eisenach,31 - 30,2,,31,30,61,1,1
603,31/08/2023,THW Kiel,VfL Gummersbach,41 - 30,2,,41,30,71,1,1
604,28/08/2023,SC DHfK Leipzig,Füchse Berlin,29 - 31,1,,29,31,60,0,0
605,27/08/2023,HBW Balingen-Weilstetten,THW Kiel,25 - 36,1,,25,36,61,0,1
606,27/08/2023,VfL Gummersbach,TBV Lemgo Lippe,30 - 27,1,,30,27,57,1,0
607,27/08/2023,MT Melsungen,FRISCH AUF! Göppingen,29 - 19,1,,29,19,48,1,0
608,26/08/2023,ThSV Eisenach,Bergischer HC,31 - 30,1,,31,30,61,1,1
609,25/08/2023,HSG Wetzlar,SC Magdeburg,15 - 31,1,,15,31,46,0,0
610,24/08/2023,HC Erlangen,TSV Hannover-Burgdorf,25 - 27,1,,25,27,52,0,0
611,24/08/2023,SG Flensburg-Handewitt,Handball Sport Verein Hamburg,37 - 32,1,,37,32,69,1,1
612,11/06/2023,Bergischer HC,HC Erlangen,29 - 30,34,,29,30,59,0,0
613,11/06/2023,ASV Hamm-Westfalen,SC DHfK Leipzig,28 - 33,34,,28,33,61,0,1
614,11/06/2023,GWD Minden,VfL Gummersbach,38 - 38,34,,38,38,76,0,1
615,11/06/2023,HSG Wetzlar,SC Magdeburg,30 - 35,34,,30,35,65,0,1
616,11/06/2023,TVB Stuttgart,TSV Hannover-Burgdorf,31 - 34,34,,31,34,65,0,1
617,11/06/2023,FRISCH AUF! Göppingen,THW Kiel,27 - 34,34,,27,34,61,0,1
618,11/06/2023,TBV Lemgo Lippe,Füchse Berlin,35 - 32,34,,35,32,67,1,1
619,11/06/2023,Handball Sport Verein Hamburg,MT Melsungen,33 - 28,34,,33,28,61,1,1
620,11/06/2023,SG Flensburg-Handewitt,Rhein-Neckar Löwen,34 - 31,34,,34,31,65,1,1
621,08/06/2023,SC Magdeburg,TVB Stuttgart,31 - 27,33,,31,27,58,1,0
622,08/06/2023,TSV Hannover-Burgdorf,GWD Minden,32 - 19,33,,32,19,51,1,0
623,08/06/2023,HC Erlangen,SG Flensburg-Handewitt,28 - 33,33,,28,33,61,0,1
624,08/06/2023,VfL Gummersbach,FRISCH AUF! Göppingen,35 - 32,33,,35,32,67,1,1
625,07/06/2023,MT Melsungen,ASV Hamm-Westfalen,30 - 29,33,,30,29,59,1,0
626,07/06/2023,THW Kiel,HSG Wetzlar,38 - 23,33,,38,23,61,1,1
627,07/06/2023,Füchse Berlin,Handball Sport Verein Hamburg,36 - 32,33,,36,32,68,1,1
628,07/06/2023,SC DHfK Leipzig,TBV Lemgo Lippe,30 - 33,33,,30,33,63,0,1
629,04/06/2023,HSG Wetzlar,MT Melsungen,25 - 27,32,,25,27,52,0,0
630,04/06/2023,Bergischer HC,THW Kiel,26 - 29,32,,26,29,55,0,0
631,04/06/2023,FRISCH AUF! Göppingen,Füchse Berlin,25 - 19,32,,25,19,44,1,0
632,04/06/2023,TVB Stuttgart,VfL Gummersbach,31 - 30,32,,31,30,61,1,1
633,04/06/2023,Rhein-Neckar Löwen,HC Erlangen,40 - 23,32,,40,23,63,1,1
634,04/06/2023,SG Flensburg-Handewitt,TSV Hannover-Burgdorf,30 - 35,32,,30,35,65,0,1
635,01/06/2023,Rhein-Neckar Löwen,Bergischer HC,39 - 29,33,,39,29,68,1,1
636,01/06/2023,GWD Minden,SC Magdeburg,30 - 44,32,,30,44,74,0,1
637,01/06/2023,Handball Sport Verein Hamburg,SC DHfK Leipzig,28 - 31,32,,28,31,59,0,0
638,01/06/2023,MT Melsungen,FRISCH AUF! Göppingen,26 - 23,31,,26,23,49,1,0
639,01/06/2023,TBV Lemgo Lippe,ASV Hamm-Westfalen,30 - 25,32,,30,25,55,1,0
640,27/05/2023,Handball Sport Verein Hamburg,THW Kiel,30 - 34,19,,30,34,64,0,1
641,25/05/2023,MT Melsungen,Rhein-Neckar Löwen,25 - 34,29,,25,34,59,0,0
642,21/05/2023,THW Kiel,HC Erlangen,35 - 26,31,,35,26,61,1,1
643,21/05/2023,TSV Hannover-Burgdorf,Rhein-Neckar Löwen,30 - 31,31,,30,31,61,0,1
644,21/05/2023,TBV Lemgo Lippe,TVB Stuttgart,29 - 24,31,,29,24,53,1,0
645,21/05/2023,SC Magdeburg,SG Flensburg-Handewitt,30 - 28,31,,30,28,58,1,0
646,20/05/2023,Füchse Berlin,GWD Minden,42 - 35,31,,42,35,77,1,1
647,18/05/2023,VfL Gummersbach,Bergischer HC,37 - 34,31,,37,34,71,1,1
648,18/05/2023,ASV Hamm-Westfalen,Handball Sport Verein Hamburg,27 - 34,31,,27,34,61,0,1
649,18/05/2023,SC DHfK Leipzig,HSG Wetzlar,38 - 29,31,,38,29,67,1,1
650,14/05/2023,GWD Minden,MT Melsungen,21 - 28,30,,21,28,49,0,0
651,14/05/2023,HC Erlangen,TSV Hannover-Burgdorf,33 - 29,30,,33,29,62,1,1
652,14/05/2023,Rhein-Neckar Löwen,SC Magdeburg,35 - 37,30,,35,37,72,0,1
653,14/05/2023,Bergischer HC,Füchse Berlin,34 - 30,30,,34,30,64,1,1
654,14/05/2023,SG Flensburg-Handewitt,VfL Gummersbach,31 - 26,30,,31,26,57,1,0
655,13/05/2023,TVB Stuttgart,THW Kiel,30 - 37,30,,30,37,67,0,1
656,13/05/2023,Handball Sport Verein Hamburg,TBV Lemgo Lippe,28 - 32,30,,28,32,60,0,0
657,11/05/2023,GWD Minden,SG Flensburg-Handewitt,27 - 41,21,,27,41,68,0,1
658,11/05/2023,Füchse Berlin,HC Erlangen,39 - 30,25,,39,30,69,1,1
659,11/05/2023,HSG Wetzlar,ASV Hamm-Westfalen,29 - 24,30,,29,24,53,1,0
660,11/05/2023,FRISCH AUF! Göppingen,SC DHfK Leipzig,34 - 30,30,,34,30,64,1,1
661,07/05/2023,Füchse Berlin,SG Flensburg-Handewitt,37 - 33,29,,37,33,70,1,1
662,07/05/2023,THW Kiel,TSV Hannover-Burgdorf,33 - 23,29,,33,23,56,1,0
663,07/05/2023,SC Magdeburg,Bergischer HC,23 - 21,29,,23,21,44,1,0
664,07/05/2023,SC DHfK Leipzig,GWD Minden,31 - 31,29,,31,31,62,0,1
665,07/05/2023,VfL Gummersbach,HC Erlangen,32 - 31,29,,32,31,63,1,1
666,07/05/2023,Handball Sport Verein Hamburg,HSG Wetzlar,24 - 21,29,,24,21,45,1,0
667,06/05/2023,ASV Hamm-Westfalen,TVB Stuttgart,27 - 27,29,,27,27,54,0,0
668,06/05/2023,TBV Lemgo Lippe,FRISCH AUF! Göppingen,36 - 33,29,,36,33,69,1,1
669,04/05/2023,SG Flensburg-Handewitt,MT Melsungen,37 - 25,28,,37,25,62,1,1
670,04/05/2023,HSG Wetzlar,TBV Lemgo Lippe,26 - 24,28,,26,24,50,1,0
671,04/05/2023,Bergischer HC,SC DHfK Leipzig,32 - 28,28,,32,28,60,1,0
672,03/05/2023,TSV Hannover-Burgdorf,VfL Gummersbach,28 - 27,28,,28,27,55,1,0
673,03/05/2023,Rhein-Neckar Löwen,THW Kiel,27 - 31,28,,27,31,58,0,0
674,03/05/2023,FRISCH AUF! Göppingen,ASV Hamm-Westfalen,39 - 32,28,,39,32,71,1,1
675,03/05/2023,TVB Stuttgart,Füchse Berlin,32 - 28,28,,32,28,60,1,0
676,03/05/2023,HC Erlangen,SC Magdeburg,23 - 38,28,,23,38,61,0,1
677,03/05/2023,GWD Minden,Handball Sport Verein Hamburg,31 - 35,28,,31,35,66,0,1
678,23/04/2023,VfL Gummersbach,HSG Wetzlar,37 - 30,27,,37,30,67,1,1
679,23/04/2023,THW Kiel,SG Flensburg-Handewitt,29 - 19,27,,29,19,48,1,0
680,23/04/2023,HC Erlangen,GWD Minden,29 - 28,20,,29,28,57,1,0
681,23/04/2023,SC Magdeburg,TSV Hannover-Burgdorf,31 - 30,27,,31,30,61,1,1
682,23/04/2023,Füchse Berlin,Rhein-Neckar Löwen,38 - 24,27,,38,24,62,1,1
683,22/04/2023,TBV Lemgo Lippe,Bergischer HC,38 - 28,27,,38,28,66,1,1
684,20/04/2023,ASV Hamm-Westfalen,GWD Minden,31 - 26,27,,31,26,57,1,0
685,20/04/2023,SC DHfK Leipzig,TVB Stuttgart,25 - 30,27,,25,30,55,0,0
686,20/04/2023,Handball Sport Verein Hamburg,FRISCH AUF! Göppingen,31 - 28,27,,31,28,59,1,0
687,20/04/2023,MT Melsungen,HC Erlangen,31 - 18,27,,31,18,49,1,0
688,09/04/2023,GWD Minden,TBV Lemgo Lippe,36 - 35,26,,36,35,71,1,1
689,09/04/2023,Rhein-Neckar Löwen,VfL Gummersbach,37 - 42,26,,37,42,79,0,1
690,09/04/2023,Bergischer HC,Handball Sport Verein Hamburg,37 - 34,26,,37,34,71,1,1
691,09/04/2023,THW Kiel,SC Magdeburg,34 - 34,26,,34,34,68,0,1
692,09/04/2023,HC Erlangen,ASV Hamm-Westfalen,37 - 27,26,,37,27,64,1,1
693,06/04/2023,SG Flensburg-Handewitt,SC DHfK Leipzig,30 - 27,26,,30,27,57,1,0
694,06/04/2023,TSV Hannover-Burgdorf,Füchse Berlin,32 - 33,26,,32,33,65,0,1
695,06/04/2023,FRISCH AUF! Göppingen,HSG Wetzlar,26 - 28,26,,26,28,54,0,0
696,06/04/2023,Bergischer HC,SC Magdeburg,34 - 38,8,,34,38,72,0,1
697,02/04/2023,SC DHfK Leipzig,TSV Hannover-Burgdorf,29 - 31,25,,29,31,60,0,0
698,02/04/2023,FRISCH AUF! Göppingen,Bergischer HC,37 - 28,25,,37,28,65,1,1
699,02/04/2023,VfL Gummersbach,THW Kiel,26 - 30,25,,26,30,56,0,0
700,02/04/2023,MT Melsungen,SC Magdeburg,27 - 27,25,,27,27,54,0,0
701,02/04/2023,Handball Sport Verein Hamburg,TVB Stuttgart,27 - 27,25,,27,27,54,0,0
702,01/04/2023,ASV Hamm-Westfalen,SG Flensburg-Handewitt,29 - 37,25,,29,37,66,0,1
703,01/04/2023,HSG Wetzlar,GWD Minden,25 - 27,25,,25,27,52,0,0
704,30/03/2023,SC DHfK Leipzig,VfL Gummersbach,30 - 34,19,,30,34,64,0,1
705,30/03/2023,TBV Lemgo Lippe,Rhein-Neckar Löwen,33 - 30,25,,33,30,63,1,1
706,30/03/2023,TVB Stuttgart,MT Melsungen,23 - 26,26,,23,26,49,0,0
707,26/03/2023,THW Kiel,Füchse Berlin,36 - 29,24,,36,29,65,1,1
708,26/03/2023,TVB Stuttgart,HSG Wetzlar,28 - 30,24,,28,30,58,0,0
709,26/03/2023,SC Magdeburg,VfL Gummersbach,41 - 29,24,,41,29,70,1,1
710,26/03/2023,SG Flensburg-Handewitt,TBV Lemgo Lippe,34 - 27,24,,34,27,61,1,1
711,26/03/2023,TSV Hannover-Burgdorf,MT Melsungen,26 - 26,24,,26,26,52,0,0
712,25/03/2023,GWD Minden,FRISCH AUF! Göppingen,27 - 27,24,,27,27,54,0,0
713,23/03/2023,Rhein-Neckar Löwen,Handball Sport Verein Hamburg,32 - 35,24,,32,35,67,0,1
714,23/03/2023,Bergischer HC,ASV Hamm-Westfalen,34 - 24,24,,34,24,58,1,0
715,23/03/2023,HC Erlangen,SC DHfK Leipzig,36 - 32,24,,36,32,68,1,1
716,19/03/2023,MT Melsungen,THW Kiel,19 - 23,23,,19,23,42,0,0
717,19/03/2023,Handball Sport Verein Hamburg,HC Erlangen,33 - 29,23,,33,29,62,1,1
718,19/03/2023,TBV Lemgo Lippe,TSV Hannover-Burgdorf,35 - 30,23,,35,30,65,1,1
719,19/03/2023,HSG Wetzlar,Bergischer HC,22 - 28,23,,22,28,50,0,0
720,19/03/2023,ASV Hamm-Westfalen,SC Magdeburg,27 - 36,23,,27,36,63,0,1
721,18/03/2023,FRISCH AUF! Göppingen,SG Flensburg-Handewitt,27 - 27,23,,27,27,54,0,0
722,16/03/2023,TSV Hannover-Burgdorf,SC Magdeburg,34 - 31,12,,34,31,65,1,1
723,16/03/2023,Füchse Berlin,VfL Gummersbach,38 - 33,23,,38,33,71,1,1
724,16/03/2023,SC DHfK Leipzig,Rhein-Neckar Löwen,37 - 29,23,,37,29,66,1,1
725,16/03/2023,GWD Minden,TVB Stuttgart,23 - 29,23,,23,29,52,0,0
726,05/03/2023,HC Erlangen,TBV Lemgo Lippe,31 - 31,22,,31,31,62,0,1
727,05/03/2023,SC Magdeburg,Füchse Berlin,34 - 29,22,,34,29,63,1,1
728,05/03/2023,SG Flensburg-Handewitt,Handball Sport Verein Hamburg,34 - 32,22,,34,32,66,1,1
729,05/03/2023,TSV Hannover-Burgdorf,ASV Hamm-Westfalen,30 - 26,22,,30,26,56,1,0
730,05/03/2023,THW Kiel,SC DHfK Leipzig,31 - 34,22,,31,34,65,0,1
731,02/03/2023,Rhein-Neckar Löwen,HSG Wetzlar,34 - 24,22,,34,24,58,1,0
732,02/03/2023,TVB Stuttgart,FRISCH AUF! Göppingen,24 - 24,22,,24,24,48,0,0
733,02/03/2023,Bergischer HC,GWD Minden,34 - 32,22,,34,32,66,1,1
734,02/03/2023,VfL Gummersbach,MT Melsungen,31 - 23,22,,31,23,54,1,0
735,26/02/2023,SC DHfK Leipzig,SC Magdeburg,33 - 32,21,,33,32,65,1,1
736,26/02/2023,TBV Lemgo Lippe,THW Kiel,22 - 28,21,,22,28,50,0,0
737,26/02/2023,Bergischer HC,TVB Stuttgart,25 - 26,21,,25,26,51,0,0
738,26/02/2023,Füchse Berlin,MT Melsungen,35 - 25,21,,35,25,60,1,0
739,25/02/2023,FRISCH AUF! Göppingen,Rhein-Neckar Löwen,25 - 27,21,,25,27,52,0,0
740,23/02/2023,HSG Wetzlar,HC Erlangen,28 - 35,21,,28,35,63,0,1
741,23/02/2023,ASV Hamm-Westfalen,VfL Gummersbach,22 - 21,21,,22,21,43,1,0
742,23/02/2023,Handball Sport Verein Hamburg,TSV Hannover-Burgdorf,32 - 26,21,,32,26,58,1,0
743,19/02/2023,TSV Hannover-Burgdorf,FRISCH AUF! Göppingen,28 - 24,20,,28,24,52,1,0
744,19/02/2023,Rhein-Neckar Löwen,TVB Stuttgart,41 - 27,20,,41,27,68,1,1
745,19/02/2023,SC Magdeburg,Handball Sport Verein Hamburg,32 - 28,20,,32,28,60,1,0
746,19/02/2023,SG Flensburg-Handewitt,Bergischer HC,30 - 17,20,,30,17,47,1,0
747,18/02/2023,THW Kiel,ASV Hamm-Westfalen,40 - 29,20,,40,29,69,1,1
748,18/02/2023,Füchse Berlin,HSG Wetzlar,29 - 25,20,,29,25,54,1,0
749,16/02/2023,MT Melsungen,SC DHfK Leipzig,28 - 29,20,,28,29,57,0,0
750,12/02/2023,ASV Hamm-Westfalen,Füchse Berlin,29 - 32,19,,29,32,61,0,1
751,12/02/2023,TBV Lemgo Lippe,SC Magdeburg,28 - 34,19,,28,34,62,0,1
752,12/02/2023,Bergischer HC,MT Melsungen,28 - 27,19,,28,27,55,1,0
753,12/02/2023,TVB Stuttgart,SG Flensburg-Handewitt,30 - 32,19,,30,32,62,0,1
754,09/02/2023,HSG Wetzlar,TSV Hannover-Burgdorf,24 - 31,19,,24,31,55,0,0
755,09/02/2023,FRISCH AUF! Göppingen,HC Erlangen,31 - 25,19,,31,25,56,1,0
756,09/02/2023,GWD Minden,Rhein-Neckar Löwen,29 - 40,19,,29,40,69,0,1
757,09/02/2023,VfL Gummersbach,TBV Lemgo Lippe,28 - 29,20,,28,29,57,0,0
758,27/12/2022,SG Flensburg-Handewitt,HSG Wetzlar,34 - 24,18,,34,24,58,1,0
759,27/12/2022,TSV Hannover-Burgdorf,Bergischer HC,30 - 32,18,,30,32,62,0,1
760,27/12/2022,Füchse Berlin,SC DHfK Leipzig,28 - 22,18,,28,22,50,1,0
761,27/12/2022,VfL Gummersbach,Handball Sport Verein Hamburg,31 - 30,18,,31,30,61,1,1
762,27/12/2022,HC Erlangen,TVB Stuttgart,31 - 28,18,,31,28,59,1,0
763,26/12/2022,Rhein-Neckar Löwen,ASV Hamm-Westfalen,37 - 27,18,,37,27,64,1,1
764,26/12/2022,MT Melsungen,TBV Lemgo Lippe,20 - 19,18,,20,19,39,1,0
765,26/12/2022,THW Kiel,GWD Minden,36 - 29,18,,36,29,65,1,1
766,26/12/2022,SC Magdeburg,FRISCH AUF! Göppingen,33 - 29,18,,33,29,62,1,1
767,18/12/2022,SC DHfK Leipzig,Bergischer HC,27 - 32,17,,27,32,59,0,0
768,18/12/2022,SG Flensburg-Handewitt,THW Kiel,36 - 23,17,,36,23,59,1,0
769,18/12/2022,HSG Wetzlar,Rhein-Neckar Löwen,23 - 29,17,,23,29,52,0,0
770,18/12/2022,FRISCH AUF! Göppingen,TSV Hannover-Burgdorf,33 - 29,17,,33,29,62,1,1
771,18/12/2022,VfL Gummersbach,Füchse Berlin,28 - 30,17,,28,30,58,0,0
772,17/12/2022,SC Magdeburg,HC Erlangen,31 - 28,17,,31,28,59,1,0
773,15/12/2022,VfL Gummersbach,TSV Hannover-Burgdorf,27 - 34,13,,27,34,61,0,1
774,15/12/2022,MT Melsungen,GWD Minden,31 - 28,17,,31,28,59,1,0
775,15/12/2022,TVB Stuttgart,Handball Sport Verein Hamburg,22 - 28,17,,22,28,50,0,0
776,15/12/2022,ASV Hamm-Westfalen,TBV Lemgo Lippe,25 - 30,17,,25,30,55,0,0
777,11/12/2022,Rhein-Neckar Löwen,FRISCH AUF! Göppingen,36 - 33,16,,36,33,69,1,1
778,11/12/2022,Füchse Berlin,SC Magdeburg,31 - 32,16,,31,32,63,0,1
779,11/12/2022,Bergischer HC,SG Flensburg-Handewitt,18 - 31,16,,18,31,49,0,0
780,11/12/2022,THW Kiel,MT Melsungen,24 - 22,16,,24,22,46,1,0
781,11/12/2022,TSV Hannover-Burgdorf,TVB Stuttgart,27 - 22,16,,27,22,49,1,0
782,10/12/2022,GWD Minden,SC DHfK Leipzig,28 - 29,16,,28,29,57,0,0
783,08/12/2022,Handball Sport Verein Hamburg,ASV Hamm-Westfalen,32 - 25,16,,32,25,57,1,0
784,08/12/2022,TBV Lemgo Lippe,HSG Wetzlar,34 - 29,16,,34,29,63,1,1
785,08/12/2022,HC Erlangen,VfL Gummersbach,31 - 37,16,,31,37,68,0,1
786,04/12/2022,SC DHfK Leipzig,SG Flensburg-Handewitt,31 - 30,15,,31,30,61,1,1
787,04/12/2022,SC Magdeburg,TBV Lemgo Lippe,37 - 33,15,,37,33,70,1,1
788,04/12/2022,MT Melsungen,Bergischer HC,22 - 22,15,,22,22,44,0,0
789,04/12/2022,ASV Hamm-Westfalen,TSV Hannover-Burgdorf,29 - 29,15,,29,29,58,0,0
790,04/12/2022,HSG Wetzlar,THW Kiel,25 - 31,15,,25,31,56,0,0
791,03/12/2022,HC Erlangen,Füchse Berlin,28 - 30,15,,28,30,58,0,0
792,01/12/2022,FRISCH AUF! Göppingen,Handball Sport Verein Hamburg,26 - 26,15,,26,26,52,0,0
793,01/12/2022,TVB Stuttgart,GWD Minden,27 - 23,15,,27,23,50,1,0
794,01/12/2022,VfL Gummersbach,Rhein-Neckar Löwen,29 - 32,15,,29,32,61,0,1
795,27/11/2022,Bergischer HC,FRISCH AUF! Göppingen,28 - 26,14,,28,26,54,1,0
796,27/11/2022,Handball Sport Verein Hamburg,SC Magdeburg,28 - 30,14,,28,30,58,0,0
797,27/11/2022,THW Kiel,VfL Gummersbach,31 - 28,14,,31,28,59,1,0
798,27/11/2022,TBV Lemgo Lippe,HC Erlangen,34 - 27,14,,34,27,61,1,1
799,27/11/2022,SG Flensburg-Handewitt,TVB Stuttgart,29 - 25,14,,29,25,54,1,0
800,24/11/2022,TSV Hannover-Burgdorf,HSG Wetzlar,23 - 26,14,,23,26,49,0,0
801,24/11/2022,GWD Minden,ASV Hamm-Westfalen,32 - 23,14,,32,23,55,1,0
802,24/11/2022,SC DHfK Leipzig,MT Melsungen,40 - 33,14,,40,33,73,1,1
803,24/11/2022,Rhein-Neckar Löwen,Füchse Berlin,32 - 34,14,,32,34,66,0,1
804,20/11/2022,Füchse Berlin,TBV Lemgo Lippe,32 - 26,13,,32,26,58,1,0
805,20/11/2022,MT Melsungen,SG Flensburg-Handewitt,25 - 25,13,,25,25,50,0,0
806,20/11/2022,TVB Stuttgart,SC DHfK Leipzig,26 - 33,13,,26,33,59,0,0
807,19/11/2022,HSG Wetzlar,Handball Sport Verein Hamburg,28 - 30,13,,28,30,58,0,0
808,19/11/2022,HC Erlangen,Rhein-Neckar Löwen,30 - 33,13,,30,33,63,0,1
809,19/11/2022,ASV Hamm-Westfalen,Bergischer HC,27 - 31,13,,27,31,58,0,0
810,19/11/2022,SC Magdeburg,THW Kiel,33 - 34,13,,33,34,67,0,1
811,17/11/2022,FRISCH AUF! Göppingen,GWD Minden,26 - 29,13,,26,29,55,0,0
812,16/11/2022,TVB Stuttgart,SC Magdeburg,28 - 32,10,,28,32,60,0,0
813,16/11/2022,HC Erlangen,THW Kiel,27 - 34,9,,27,34,61,0,1
814,13/11/2022,SC DHfK Leipzig,ASV Hamm-Westfalen,33 - 23,12,,33,23,56,1,0
815,13/11/2022,Handball Sport Verein Hamburg,Füchse Berlin,28 - 37,12,,28,37,65,0,1
816,13/11/2022,THW Kiel,FRISCH AUF! Göppingen,30 - 26,12,,30,26,56,1,0
817,13/11/2022,MT Melsungen,TVB Stuttgart,33 - 26,12,,33,26,59,1,0
818,13/11/2022,Bergischer HC,VfL Gummersbach,30 - 30,12,,30,30,60,0,0
819,13/11/2022,GWD Minden,HSG Wetzlar,26 - 29,12,,26,29,55,0,0
820,13/11/2022,Rhein-Neckar Löwen,TBV Lemgo Lippe,37 - 28,12,,37,28,65,1,1
821,12/11/2022,SG Flensburg-Handewitt,HC Erlangen,31 - 29,12,,31,29,60,1,0
822,10/11/2022,Füchse Berlin,TSV Hannover-Burgdorf,32 - 30,11,,32,30,62,1,1
823,10/11/2022,VfL Gummersbach,SG Flensburg-Handewitt,31 - 29,11,,31,29,60,1,0
824,10/11/2022,TBV Lemgo Lippe,GWD Minden,30 - 27,11,,30,27,57,1,0
825,10/11/2022,HSG Wetzlar,SC DHfK Leipzig,24 - 25,11,,24,25,49,0,0
826,10/11/2022,HC Erlangen,Handball Sport Verein Hamburg,35 - 29,11,,35,29,64,1,1
827,09/11/2022,FRISCH AUF! Göppingen,MT Melsungen,23 - 29,11,,23,29,52,0,0
828,09/11/2022,SC Magdeburg,Rhein-Neckar Löwen,32 - 32,11,,32,32,64,0,1
829,08/11/2022,ASV Hamm-Westfalen,THW Kiel,24 - 37,11,,24,37,61,0,1
830,06/11/2022,SC DHfK Leipzig,FRISCH AUF! Göppingen,25 - 26,10,,25,26,51,0,0
831,06/11/2022,Bergischer HC,HSG Wetzlar,24 - 23,10,,24,23,47,1,0
832,06/11/2022,Handball Sport Verein Hamburg,Rhein-Neckar Löwen,40 - 37,10,,40,37,77,1,1
833,06/11/2022,GWD Minden,Füchse Berlin,32 - 27,10,,32,27,59,1,0
834,05/11/2022,THW Kiel,TBV Lemgo Lippe,32 - 33,10,,32,33,65,0,1
835,03/11/2022,SG Flensburg-Handewitt,ASV Hamm-Westfalen,37 - 23,10,,37,23,60,1,0
836,03/11/2022,TSV Hannover-Burgdorf,HC Erlangen,29 - 28,10,,29,28,57,1,0
837,03/11/2022,MT Melsungen,VfL Gummersbach,28 - 22,10,,28,22,50,1,0
838,30/10/2022,SC Magdeburg,SC DHfK Leipzig,32 - 24,9,,32,24,56,1,0
839,30/10/2022,Rhein-Neckar Löwen,TSV Hannover-Burgdorf,32 - 31,9,,32,31,63,1,1
840,30/10/2022,TBV Lemgo Lippe,Handball Sport Verein Hamburg,28 - 32,9,,28,32,60,0,0
841,30/10/2022,HSG Wetzlar,SG Flensburg-Handewitt,22 - 27,9,,22,27,49,0,0
842,29/10/2022,Füchse Berlin,Bergischer HC,29 - 27,9,,29,27,56,1,0
843,27/10/2022,FRISCH AUF! Göppingen,TVB Stuttgart,24 - 25,9,,24,25,49,0,0
844,27/10/2022,ASV Hamm-Westfalen,MT Melsungen,18 - 28,9,,18,28,46,0,0
845,27/10/2022,VfL Gummersbach,GWD Minden,26 - 22,9,,26,22,48,1,0
846,23/10/2022,THW Kiel,Rhein-Neckar Löwen,32 - 29,8,,32,29,61,1,1
847,23/10/2022,MT Melsungen,HSG Wetzlar,21 - 19,8,,21,19,40,1,0
848,23/10/2022,SC DHfK Leipzig,Füchse Berlin,26 - 31,8,,26,31,57,0,0
849,23/10/2022,TVB Stuttgart,ASV Hamm-Westfalen,29 - 20,8,,29,20,49,1,0
850,23/10/2022,Handball Sport Verein Hamburg,VfL Gummersbach,34 - 31,8,,34,31,65,1,1
851,22/10/2022,SG Flensburg-Handewitt,FRISCH AUF! Göppingen,27 - 24,8,,27,24,51,1,0
852,22/10/2022,GWD Minden,HC Erlangen,25 - 32,8,,25,32,57,0,0
853,22/10/2022,TSV Hannover-Burgdorf,TBV Lemgo Lippe,29 - 25,8,,29,25,54,1,0
854,09/10/2022,TBV Lemgo Lippe,SG Flensburg-Handewitt,26 - 21,7,,26,21,47,1,0
855,09/10/2022,Füchse Berlin,THW Kiel,34 - 26,7,,34,26,60,1,0
856,09/10/2022,VfL Gummersbach,SC DHfK Leipzig,36 - 36,7,,36,36,72,0,1
857,09/10/2022,SC Magdeburg,MT Melsungen,27 - 23,7,,27,23,50,1,0
858,08/10/2022,ASV Hamm-Westfalen,FRISCH AUF! Göppingen,32 - 28,7,,32,28,60,1,0
859,06/10/2022,HC Erlangen,Bergischer HC,30 - 27,7,,30,27,57,1,0
860,06/10/2022,HSG Wetzlar,TVB Stuttgart,32 - 24,7,,32,24,56,1,0
861,06/10/2022,Rhein-Neckar Löwen,GWD Minden,37 - 25,7,,37,25,62,1,1
862,06/10/2022,TSV Hannover-Burgdorf,Handball Sport Verein Hamburg,28 - 27,7,,28,27,55,1,0
863,02/10/2022,THW Kiel,Handball Sport Verein Hamburg,40 - 28,6,,40,28,68,1,1
864,02/10/2022,FRISCH AUF! Göppingen,VfL Gummersbach,29 - 28,6,,29,28,57,1,0
865,02/10/2022,TVB Stuttgart,Bergischer HC,27 - 26,11,,27,26,53,1,0
866,02/10/2022,MT Melsungen,Füchse Berlin,29 - 32,6,,29,32,61,0,1
867,01/10/2022,SG Flensburg-Handewitt,SC Magdeburg,35 - 34,6,,35,34,69,1,1
868,29/09/2022,TVB Stuttgart,TBV Lemgo Lippe,32 - 28,6,,32,28,60,1,0
869,29/09/2022,Bergischer HC,Rhein-Neckar Löwen,26 - 27,6,,26,27,53,0,0
870,29/09/2022,GWD Minden,TSV Hannover-Burgdorf,34 - 35,6,,34,35,69,0,1
871,29/09/2022,ASV Hamm-Westfalen,HSG Wetzlar,23 - 29,6,,23,29,52,0,0
872,25/09/2022,TSV Hannover-Burgdorf,THW Kiel,27 - 29,5,,27,29,56,0,0
873,25/09/2022,HC Erlangen,MT Melsungen,34 - 34,5,,34,34,68,0,1
874,25/09/2022,TBV Lemgo Lippe,SC DHfK Leipzig,29 - 29,5,,29,29,58,0,0
875,25/09/2022,SC Magdeburg,GWD Minden,39 - 25,5,,39,25,64,1,1
876,24/09/2022,HSG Wetzlar,FRISCH AUF! Göppingen,25 - 25,5,,25,25,50,0,0
877,24/09/2022,Rhein-Neckar Löwen,SG Flensburg-Handewitt,28 - 27,5,,28,27,55,1,0
878,22/09/2022,SC DHfK Leipzig,HC Erlangen,32 - 29,6,,32,29,61,1,1
879,22/09/2022,VfL Gummersbach,TVB Stuttgart,29 - 24,5,,29,24,53,1,0
880,22/09/2022,Handball Sport Verein Hamburg,Bergischer HC,33 - 23,5,,33,23,56,1,0
881,22/09/2022,Füchse Berlin,ASV Hamm-Westfalen,37 - 26,5,,37,26,63,1,1
882,18/09/2022,MT Melsungen,TSV Hannover-Burgdorf,28 - 31,4,,28,31,59,0,0
883,18/09/2022,SC DHfK Leipzig,Handball Sport Verein Hamburg,22 - 23,4,,22,23,45,0,0
884,18/09/2022,HSG Wetzlar,VfL Gummersbach,29 - 30,4,,29,30,59,0,0
885,18/09/2022,GWD Minden,THW Kiel,18 - 34,4,,18,34,52,0,0
886,18/09/2022,FRISCH AUF! Göppingen,SC Magdeburg,26 - 31,4,,26,31,57,0,0
887,17/09/2022,TVB Stuttgart,Rhein-Neckar Löwen,30 - 43,4,,30,43,73,0,1
888,17/09/2022,ASV Hamm-Westfalen,HC Erlangen,29 - 32,4,,29,32,61,0,1
889,15/09/2022,Bergischer HC,TBV Lemgo Lippe,32 - 28,4,,32,28,60,1,0
890,15/09/2022,Rhein-Neckar Löwen,SC DHfK Leipzig,30 - 24,3,,30,24,54,1,0
891,15/09/2022,SG Flensburg-Handewitt,Füchse Berlin,31 - 31,4,,31,31,62,0,1
892,11/09/2022,VfL Gummersbach,ASV Hamm-Westfalen,29 - 28,3,,29,28,57,1,0
893,11/09/2022,THW Kiel,Bergischer HC,35 - 29,3,,35,29,64,1,1
894,11/09/2022,Handball Sport Verein Hamburg,GWD Minden,27 - 21,3,,27,21,48,1,0
895,11/09/2022,SC Magdeburg,HSG Wetzlar,32 - 28,3,,32,28,60,1,0
896,11/09/2022,HC Erlangen,FRISCH AUF! Göppingen,34 - 28,3,,34,28,62,1,1
897,10/09/2022,Füchse Berlin,TVB Stuttgart,31 - 21,3,,31,21,52,1,0
898,10/09/2022,TBV Lemgo Lippe,MT Melsungen,28 - 28,3,,28,28,56,0,0
899,10/09/2022,TSV Hannover-Burgdorf,SG Flensburg-Handewitt,25 - 35,3,,25,35,60,0,0
900,08/09/2022,VfL Gummersbach,SC Magdeburg,28 - 30,2,,28,30,58,0,0
901,08/09/2022,ASV Hamm-Westfalen,Rhein-Neckar Löwen,30 - 35,2,,30,35,65,0,1
902,08/09/2022,MT Melsungen,Handball Sport Verein Hamburg,30 - 27,2,,30,27,57,1,0
903,08/09/2022,TVB Stuttgart,HC Erlangen,27 - 29,2,,27,29,56,0,0
904,07/09/2022,FRISCH AUF! Göppingen,TBV Lemgo Lippe,34 - 31,2,,34,31,65,1,1
905,07/09/2022,SC DHfK Leipzig,THW Kiel,22 - 32,2,,22,32,54,0,0
906,07/09/2022,HSG Wetzlar,Füchse Berlin,25 - 37,2,,25,37,62,0,1
907,07/09/2022,Bergischer HC,TSV Hannover-Burgdorf,22 - 23,2,,22,23,45,0,0
908,07/09/2022,SG Flensburg-Handewitt,GWD Minden,36 - 23,2,,36,23,59,1,0
909,04/09/2022,Füchse Berlin,FRISCH AUF! Göppingen,34 - 27,1,,34,27,61,1,1
910,04/09/2022,GWD Minden,Bergischer HC,25 - 28,1,,25,28,53,0,0
911,04/09/2022,SC Magdeburg,ASV Hamm-Westfalen,31 - 23,1,,31,23,54,1,0
912,04/09/2022,THW Kiel,TVB Stuttgart,36 - 23,1,,36,23,59,1,0
913,03/09/2022,Rhein-Neckar Löwen,MT Melsungen,36 - 25,1,,36,25,61,1,1
914,01/09/2022,TSV Hannover-Burgdorf,SC DHfK Leipzig,25 - 22,1,,25,22,47,1,0
915,01/09/2022,TBV Lemgo Lippe,VfL Gummersbach,26 - 30,1,,26,30,56,0,0
916,01/09/2022,HC Erlangen,HSG Wetzlar,31 - 27,1,,31,27,58,1,0
917,01/09/2022,Handball Sport Verein Hamburg,SG Flensburg-Handewitt,30 - 31,1,,30,31,61,0,1
